"subid","expt","age_group","trial_type","t.crit","item","correct","subtrial","targetAtOnset","t.crit.binned"
1,1,"3","cd",0.392,"d",TRUE,"1_cd_d","0","0.40"
1,1,"3","cd",0.392,"d",TRUE,"1_cd_d","0","0.40"
1,1,"3","cs",0.347,"ban",TRUE,"1_cs_ban","0","0.33"
1,1,"3","cs",0.347,"ban",TRUE,"1_cs_ban","0","0.33"
1,1,"3","cs",0.406,"bic",TRUE,"1_cs_bic","0","0.40"
1,1,"3","cs",0.406,"bic",TRUE,"1_cs_bic","0","0.40"
1,1,"3","cs",0.009,"car",TRUE,"1_cs_car","0","0.00"
1,1,"3","cs",0.009,"car",TRUE,"1_cs_car","0","0.00"
1,1,"3","cs",0.108,"o",TRUE,"1_cs_o","0","0.10"
1,1,"3","cs",0.108,"o",TRUE,"1_cs_o","0","0.10"
1,1,"3","cs",0.083,"tb",TRUE,"1_cs_tb","0","0.07"
1,1,"3","cs",0.083,"tb",TRUE,"1_cs_tb","0","0.07"
1,1,"3","inf",0.695,"car",TRUE,"1_inf_car","0","0.70"
1,1,"3","inf",0.695,"car",TRUE,"1_inf_car","0","0.70"
1,1,"3","inf",1.165,"carrot",TRUE,"1_inf_carrot","0","1.17"
1,1,"3","inf",1.165,"carrot",TRUE,"1_inf_carrot","0","1.17"
10,1,"adult","cd",0.435,"ban",TRUE,"10_cd_ban","0","0.43"
10,1,"adult","cd",0.435,"ban",TRUE,"10_cd_ban","0","0.43"
10,1,"adult","cd",0.481,"bic",TRUE,"10_cd_bic","0","0.47"
10,1,"adult","cd",0.481,"bic",TRUE,"10_cd_bic","0","0.47"
10,1,"adult","cs",0.298,"ap",TRUE,"10_cs_ap","0","0.30"
10,1,"adult","cs",0.298,"ap",TRUE,"10_cs_ap","0","0.30"
10,1,"adult","cs",0.198,"bal",TRUE,"10_cs_bal","0","0.20"
10,1,"adult","cs",0.198,"bal",TRUE,"10_cs_bal","0","0.20"
10,1,"adult","cs",0.028,"d",TRUE,"10_cs_d","0","0.03"
10,1,"adult","cs",0.028,"d",TRUE,"10_cs_d","0","0.03"
10,1,"adult","cs",0.576,"f",TRUE,"10_cs_f","0","0.57"
10,1,"adult","cs",0.576,"f",TRUE,"10_cs_f","0","0.57"
10,1,"adult","inf",0.263,"cat",TRUE,"10_inf_cat","0","0.27"
10,1,"adult","inf",0.263,"cat",TRUE,"10_inf_cat","0","0.27"
10,1,"adult","inf",0.434,"tr",TRUE,"10_inf_tr","0","0.43"
10,1,"adult","inf",0.434,"tr",TRUE,"10_inf_tr","0","0.43"
100,1,"5","cs",0.462,"car",TRUE,"100_cs_car","0","0.47"
100,1,"5","cs",0.462,"car",TRUE,"100_cs_car","0","0.47"
100,1,"5","cs",0.388,"cat",TRUE,"100_cs_cat","0","0.40"
100,1,"5","cs",0.388,"cat",TRUE,"100_cs_cat","0","0.40"
100,1,"5","cs",0.443,"o",TRUE,"100_cs_o","0","0.43"
100,1,"5","cs",0.443,"o",TRUE,"100_cs_o","0","0.43"
100,1,"5","inf",0.16,"f",TRUE,"100_inf_f","0","0.17"
100,1,"5","inf",0.16,"f",TRUE,"100_inf_f","0","0.17"
101,1,"4","cd",0.2,"d",TRUE,"101_cd_d","0","0.20"
101,1,"4","cd",0.2,"d",TRUE,"101_cd_d","0","0.20"
101,1,"4","cs",0.414,"ban",TRUE,"101_cs_ban","0","0.40"
101,1,"4","cs",0.414,"ban",TRUE,"101_cs_ban","0","0.40"
101,1,"4","cs",0.064,"bic",TRUE,"101_cs_bic","0","0.07"
101,1,"4","cs",0.064,"bic",TRUE,"101_cs_bic","0","0.07"
101,1,"4","inf",0.098,"ap",TRUE,"101_inf_ap","0","0.10"
101,1,"4","inf",0.098,"ap",TRUE,"101_inf_ap","0","0.10"
102,1,"5","cd",0.336,"ap",TRUE,"102_cd_ap","0","0.33"
102,1,"5","cd",0.336,"ap",TRUE,"102_cd_ap","0","0.33"
102,1,"5","cd",0.193,"carrot",TRUE,"102_cd_carrot","0","0.20"
102,1,"5","cd",0.193,"carrot",TRUE,"102_cd_carrot","0","0.20"
102,1,"5","cd",0.434,"cat",TRUE,"102_cd_cat","0","0.43"
102,1,"5","cd",0.434,"cat",TRUE,"102_cd_cat","0","0.43"
102,1,"5","cs",0.437,"car",TRUE,"102_cs_car","0","0.43"
102,1,"5","cs",0.437,"car",TRUE,"102_cs_car","0","0.43"
102,1,"5","cs",0.668,"o",TRUE,"102_cs_o","0","0.67"
102,1,"5","cs",0.668,"o",TRUE,"102_cs_o","0","0.67"
102,1,"5","inf",3.389,"bic",TRUE,"102_inf_bic","0","3.40"
102,1,"5","inf",3.389,"bic",TRUE,"102_inf_bic","0","3.40"
102,1,"5","inf",0.351,"f",TRUE,"102_inf_f","0","0.37"
102,1,"5","inf",0.351,"f",TRUE,"102_inf_f","0","0.37"
103,1,"4","cs",0.707,"ap",TRUE,"103_cs_ap","0","0.70"
103,1,"4","cs",0.707,"ap",TRUE,"103_cs_ap","0","0.70"
103,1,"4","cs",0.504,"car",TRUE,"103_cs_car","0","0.50"
103,1,"4","cs",0.504,"car",TRUE,"103_cs_car","0","0.50"
103,1,"4","cs",0.571,"cat",TRUE,"103_cs_cat","0","0.57"
103,1,"4","cs",0.571,"cat",TRUE,"103_cs_cat","0","0.57"
103,1,"4","cs",0.484,"o",TRUE,"103_cs_o","0","0.50"
103,1,"4","cs",0.484,"o",TRUE,"103_cs_o","0","0.50"
103,1,"4","cs",0.43,"tb",TRUE,"103_cs_tb","0","0.43"
103,1,"4","cs",0.43,"tb",TRUE,"103_cs_tb","0","0.43"
103,1,"4","cs",0.435,"tr",TRUE,"103_cs_tr","0","0.43"
103,1,"4","cs",0.435,"tr",TRUE,"103_cs_tr","0","0.43"
103,1,"4","inf",0.162,"d",TRUE,"103_inf_d","0","0.17"
103,1,"4","inf",0.162,"d",TRUE,"103_inf_d","0","0.17"
104,1,"5","cd",0.75,"d",TRUE,"104_cd_d","0","0.73"
104,1,"5","cd",0.75,"d",TRUE,"104_cd_d","0","0.73"
104,1,"5","cs",0.873,"bal",TRUE,"104_cs_bal","0","0.87"
104,1,"5","cs",0.873,"bal",TRUE,"104_cs_bal","0","0.87"
104,1,"5","cs",0.176,"car",TRUE,"104_cs_car","0","0.17"
104,1,"5","cs",0.176,"car",TRUE,"104_cs_car","0","0.17"
104,1,"5","cs",0.418,"cat",TRUE,"104_cs_cat","0","0.43"
104,1,"5","cs",0.418,"cat",TRUE,"104_cs_cat","0","0.43"
104,1,"5","cs",0.075,"tb",TRUE,"104_cs_tb","0","0.07"
104,1,"5","cs",0.075,"tb",TRUE,"104_cs_tb","0","0.07"
104,1,"5","inf",0.19,"ap",TRUE,"104_inf_ap","0","0.20"
104,1,"5","inf",0.19,"ap",TRUE,"104_inf_ap","0","0.20"
104,1,"5","inf",0.706,"carrot",TRUE,"104_inf_carrot","0","0.70"
104,1,"5","inf",0.706,"carrot",TRUE,"104_inf_carrot","0","0.70"
105,1,"5","cs",0.287,"car",TRUE,"105_cs_car","0","0.30"
105,1,"5","cs",0.287,"car",TRUE,"105_cs_car","0","0.30"
105,1,"5","cs",0.088,"cat",TRUE,"105_cs_cat","0","0.10"
105,1,"5","cs",0.088,"cat",TRUE,"105_cs_cat","0","0.10"
105,1,"5","cs",0.546,"tb",TRUE,"105_cs_tb","0","0.53"
105,1,"5","cs",0.546,"tb",TRUE,"105_cs_tb","0","0.53"
105,1,"5","cs",1.66,"tr",TRUE,"105_cs_tr","0","1.67"
105,1,"5","cs",1.66,"tr",TRUE,"105_cs_tr","0","1.67"
105,1,"5","inf",0.737,"d",TRUE,"105_inf_d","0","0.73"
105,1,"5","inf",0.737,"d",TRUE,"105_inf_d","0","0.73"
105,1,"5","inf",0.368,"f",TRUE,"105_inf_f","0","0.37"
105,1,"5","inf",0.368,"f",TRUE,"105_inf_f","0","0.37"
106,1,"5","cd",1.659,"o",TRUE,"106_cd_o","0","1.67"
106,1,"5","cd",1.659,"o",TRUE,"106_cd_o","0","1.67"
106,1,"5","cs",0.406,"bal",TRUE,"106_cs_bal","0","0.40"
106,1,"5","cs",0.406,"bal",TRUE,"106_cs_bal","0","0.40"
106,1,"5","cs",1.547,"bic",TRUE,"106_cs_bic","0","1.53"
106,1,"5","cs",1.547,"bic",TRUE,"106_cs_bic","0","1.53"
106,1,"5","cs",0.693,"car",TRUE,"106_cs_car","0","0.70"
106,1,"5","cs",0.693,"car",TRUE,"106_cs_car","0","0.70"
106,1,"5","cs",0.451,"cat",TRUE,"106_cs_cat","0","0.47"
106,1,"5","cs",0.451,"cat",TRUE,"106_cs_cat","0","0.47"
106,1,"5","cs",0.475,"tb",TRUE,"106_cs_tb","0","0.47"
106,1,"5","cs",0.475,"tb",TRUE,"106_cs_tb","0","0.47"
106,1,"5","inf",0.582,"ap",TRUE,"106_inf_ap","0","0.57"
106,1,"5","inf",0.582,"ap",TRUE,"106_inf_ap","0","0.57"
107,1,"5","cd",0.204,"bal",TRUE,"107_cd_bal","0","0.20"
107,1,"5","cd",0.204,"bal",TRUE,"107_cd_bal","0","0.20"
107,1,"5","cs",0.29,"bal",TRUE,"107_cs_bal","0","0.30"
107,1,"5","cs",0.29,"bal",TRUE,"107_cs_bal","0","0.30"
107,1,"5","cs",0.481,"ban",TRUE,"107_cs_ban","0","0.47"
107,1,"5","cs",0.481,"ban",TRUE,"107_cs_ban","0","0.47"
107,1,"5","cs",0.426,"cat",TRUE,"107_cs_cat","0","0.43"
107,1,"5","cs",0.426,"cat",TRUE,"107_cs_cat","0","0.43"
107,1,"5","cs",0.022,"tr",TRUE,"107_cs_tr","0","0.03"
107,1,"5","cs",0.022,"tr",TRUE,"107_cs_tr","0","0.03"
107,1,"5","inf",0.079,"car",TRUE,"107_inf_car","0","0.07"
107,1,"5","inf",0.079,"car",TRUE,"107_inf_car","0","0.07"
107,1,"5","inf",0.506,"carrot",TRUE,"107_inf_carrot","0","0.50"
107,1,"5","inf",0.506,"carrot",TRUE,"107_inf_carrot","0","0.50"
107,1,"5","inf",0.407,"tb",TRUE,"107_inf_tb","0","0.40"
107,1,"5","inf",0.407,"tb",TRUE,"107_inf_tb","0","0.40"
108,1,"5","cd",0.512,"car",TRUE,"108_cd_car","0","0.50"
108,1,"5","cd",0.512,"car",TRUE,"108_cd_car","0","0.50"
108,1,"5","cs",0.073,"ap",TRUE,"108_cs_ap","0","0.07"
108,1,"5","cs",0.073,"ap",TRUE,"108_cs_ap","0","0.07"
108,1,"5","cs",0.354,"car",TRUE,"108_cs_car","0","0.37"
108,1,"5","cs",0.354,"car",TRUE,"108_cs_car","0","0.37"
108,1,"5","cs",0.196,"cat",TRUE,"108_cs_cat","0","0.20"
108,1,"5","cs",0.196,"cat",TRUE,"108_cs_cat","0","0.20"
108,1,"5","cs",0.446,"f",TRUE,"108_cs_f","0","0.43"
108,1,"5","cs",0.446,"f",TRUE,"108_cs_f","0","0.43"
108,1,"5","cs",0.346,"tb",TRUE,"108_cs_tb","0","0.33"
108,1,"5","cs",0.346,"tb",TRUE,"108_cs_tb","0","0.33"
108,1,"5","inf",1.214,"bic",TRUE,"108_inf_bic","0","1.20"
108,1,"5","inf",1.214,"bic",TRUE,"108_inf_bic","0","1.20"
108,1,"5","inf",0.36,"f",TRUE,"108_inf_f","0","0.37"
108,1,"5","inf",0.36,"f",TRUE,"108_inf_f","0","0.37"
109,1,"5","cd",0.146,"bal",TRUE,"109_cd_bal","0","0.13"
109,1,"5","cd",0.146,"bal",TRUE,"109_cd_bal","0","0.13"
109,1,"5","cs",0.347,"ban",TRUE,"109_cs_ban","0","0.33"
109,1,"5","cs",0.347,"ban",TRUE,"109_cs_ban","0","0.33"
109,1,"5","inf",0.537,"car",TRUE,"109_inf_car","0","0.53"
109,1,"5","inf",0.537,"car",TRUE,"109_inf_car","0","0.53"
11,1,"3","cd",0.296,"bal",TRUE,"11_cd_bal","0","0.30"
11,1,"3","cd",0.296,"bal",TRUE,"11_cd_bal","0","0.30"
11,1,"3","cs",0.048,"bal",TRUE,"11_cs_bal","0","0.03"
11,1,"3","cs",0.048,"bal",TRUE,"11_cs_bal","0","0.03"
11,1,"3","cs",0.272,"ban",TRUE,"11_cs_ban","0","0.27"
11,1,"3","cs",0.272,"ban",TRUE,"11_cs_ban","0","0.27"
11,1,"3","cs",1.393,"car",TRUE,"11_cs_car","0","1.40"
11,1,"3","cs",1.393,"car",TRUE,"11_cs_car","0","1.40"
11,1,"3","cs",0.441,"o",TRUE,"11_cs_o","0","0.43"
11,1,"3","cs",0.441,"o",TRUE,"11_cs_o","0","0.43"
11,1,"3","cs",0.916,"tb",TRUE,"11_cs_tb","0","0.90"
11,1,"3","cs",0.916,"tb",TRUE,"11_cs_tb","0","0.90"
11,1,"3","inf",0.879,"car",TRUE,"11_inf_car","0","0.87"
11,1,"3","inf",0.879,"car",TRUE,"11_inf_car","0","0.87"
11,1,"3","inf",2.948,"carrot",TRUE,"11_inf_carrot","0","2.93"
11,1,"3","inf",2.948,"carrot",TRUE,"11_inf_carrot","0","2.93"
110,1,"5","cs",2.582,"ap",TRUE,"110_cs_ap","0","2.57"
110,1,"5","cs",2.582,"ap",TRUE,"110_cs_ap","0","2.57"
110,1,"5","cs",0.755,"tb",TRUE,"110_cs_tb","0","0.77"
110,1,"5","cs",0.755,"tb",TRUE,"110_cs_tb","0","0.77"
110,1,"5","inf",0.781,"bic",TRUE,"110_inf_bic","0","0.77"
110,1,"5","inf",0.781,"bic",TRUE,"110_inf_bic","0","0.77"
111,1,"5","cd",0.754,"bal",TRUE,"111_cd_bal","0","0.77"
111,1,"5","cd",0.754,"bal",TRUE,"111_cd_bal","0","0.77"
111,1,"5","cs",0.681,"bal",TRUE,"111_cs_bal","0","0.67"
111,1,"5","cs",0.681,"bal",TRUE,"111_cs_bal","0","0.67"
111,1,"5","cs",0.839,"bic",TRUE,"111_cs_bic","0","0.83"
111,1,"5","cs",0.839,"bic",TRUE,"111_cs_bic","0","0.83"
111,1,"5","cs",0.443,"car",TRUE,"111_cs_car","0","0.43"
111,1,"5","cs",0.443,"car",TRUE,"111_cs_car","0","0.43"
111,1,"5","cs",0.101,"cat",TRUE,"111_cs_cat","0","0.10"
111,1,"5","cs",0.101,"cat",TRUE,"111_cs_cat","0","0.10"
111,1,"5","cs",0.141,"o",TRUE,"111_cs_o","0","0.13"
111,1,"5","cs",0.141,"o",TRUE,"111_cs_o","0","0.13"
111,1,"5","cs",0.291,"tb",TRUE,"111_cs_tb","0","0.30"
111,1,"5","cs",0.291,"tb",TRUE,"111_cs_tb","0","0.30"
111,1,"5","inf",0.732,"ap",TRUE,"111_inf_ap","0","0.73"
111,1,"5","inf",0.732,"ap",TRUE,"111_inf_ap","0","0.73"
111,1,"5","inf",0.381,"carrot",TRUE,"111_inf_carrot","0","0.37"
111,1,"5","inf",0.381,"carrot",TRUE,"111_inf_carrot","0","0.37"
111,1,"5","inf",0.257,"tb",TRUE,"111_inf_tb","0","0.27"
111,1,"5","inf",0.257,"tb",TRUE,"111_inf_tb","0","0.27"
112,1,"5","cs",0.046,"ban",TRUE,"112_cs_ban","0","0.03"
112,1,"5","cs",0.046,"ban",TRUE,"112_cs_ban","0","0.03"
112,1,"5","cs",0.512,"car",TRUE,"112_cs_car","0","0.50"
112,1,"5","cs",0.512,"car",TRUE,"112_cs_car","0","0.50"
112,1,"5","cs",0.38,"f",TRUE,"112_cs_f","0","0.37"
112,1,"5","cs",0.38,"f",TRUE,"112_cs_f","0","0.37"
112,1,"5","cs",0.409,"o",TRUE,"112_cs_o","0","0.40"
112,1,"5","cs",0.409,"o",TRUE,"112_cs_o","0","0.40"
112,1,"5","cs",0.271,"tb",TRUE,"112_cs_tb","0","0.27"
112,1,"5","cs",0.271,"tb",TRUE,"112_cs_tb","0","0.27"
112,1,"5","cs",0.26,"tr",TRUE,"112_cs_tr","0","0.27"
112,1,"5","cs",0.26,"tr",TRUE,"112_cs_tr","0","0.27"
112,1,"5","inf",0.564,"bic",TRUE,"112_inf_bic","0","0.57"
112,1,"5","inf",0.564,"bic",TRUE,"112_inf_bic","0","0.57"
113,1,"5","cd",0.812,"car",TRUE,"113_cd_car","0","0.80"
113,1,"5","cd",0.812,"car",TRUE,"113_cd_car","0","0.80"
113,1,"5","cs",0.655,"f",TRUE,"113_cs_f","0","0.67"
113,1,"5","cs",0.655,"f",TRUE,"113_cs_f","0","0.67"
113,1,"5","cs",0.676,"o",TRUE,"113_cs_o","0","0.67"
113,1,"5","cs",0.676,"o",TRUE,"113_cs_o","0","0.67"
113,1,"5","cs",0.335,"tr",TRUE,"113_cs_tr","0","0.33"
113,1,"5","cs",0.335,"tr",TRUE,"113_cs_tr","0","0.33"
113,1,"5","inf",0.615,"bal",TRUE,"113_inf_bal","0","0.60"
113,1,"5","inf",0.615,"bal",TRUE,"113_inf_bal","0","0.60"
113,1,"5","inf",0.735,"f",TRUE,"113_inf_f","0","0.73"
113,1,"5","inf",0.735,"f",TRUE,"113_inf_f","0","0.73"
114,1,"5","cs",0.821,"ban",TRUE,"114_cs_ban","0","0.83"
114,1,"5","cs",0.821,"ban",TRUE,"114_cs_ban","0","0.83"
114,1,"5","cs",0.096,"cat",TRUE,"114_cs_cat","0","0.10"
114,1,"5","cs",0.096,"cat",TRUE,"114_cs_cat","0","0.10"
114,1,"5","cs",0.988,"f",TRUE,"114_cs_f","0","1.00"
114,1,"5","cs",0.988,"f",TRUE,"114_cs_f","0","1.00"
114,1,"5","cs",0.988,"f",TRUE,"114_cs_f","0","1.00"
114,1,"5","cs",0.988,"f",TRUE,"114_cs_f","0","1.00"
114,1,"5","cs",0.363,"tb",TRUE,"114_cs_tb","0","0.37"
114,1,"5","cs",0.363,"tb",TRUE,"114_cs_tb","0","0.37"
114,1,"5","cs",0.568,"tr",TRUE,"114_cs_tr","0","0.57"
114,1,"5","cs",0.568,"tr",TRUE,"114_cs_tr","0","0.57"
115,1,"5","cd",0.786,"ap",TRUE,"115_cd_ap","0","0.80"
115,1,"5","cd",0.786,"ap",TRUE,"115_cd_ap","0","0.80"
115,1,"5","cd",0.546,"car",TRUE,"115_cd_car","0","0.53"
115,1,"5","cd",0.546,"car",TRUE,"115_cd_car","0","0.53"
115,1,"5","cs",0.362,"car",TRUE,"115_cs_car","0","0.37"
115,1,"5","cs",0.362,"car",TRUE,"115_cs_car","0","0.37"
115,1,"5","cs",1.063,"f",TRUE,"115_cs_f","0","1.07"
115,1,"5","cs",1.063,"f",TRUE,"115_cs_f","0","1.07"
115,1,"5","cs",0.593,"o",TRUE,"115_cs_o","0","0.60"
115,1,"5","cs",0.593,"o",TRUE,"115_cs_o","0","0.60"
115,1,"5","cs",0.243,"tr",TRUE,"115_cs_tr","0","0.23"
115,1,"5","cs",0.243,"tr",TRUE,"115_cs_tr","0","0.23"
115,1,"5","inf",0.298,"bic",TRUE,"115_inf_bic","0","0.30"
115,1,"5","inf",0.298,"bic",TRUE,"115_inf_bic","0","0.30"
116,1,"5","cd",0.459,"carrot",TRUE,"116_cd_carrot","0","0.47"
116,1,"5","cd",0.459,"carrot",TRUE,"116_cd_carrot","0","0.47"
116,1,"5","cs",0.43,"ban",TRUE,"116_cs_ban","0","0.43"
116,1,"5","cs",0.43,"ban",TRUE,"116_cs_ban","0","0.43"
116,1,"5","cs",0.429,"cat",TRUE,"116_cs_cat","0","0.43"
116,1,"5","cs",0.429,"cat",TRUE,"116_cs_cat","0","0.43"
116,1,"5","cs",1.055,"f",TRUE,"116_cs_f","0","1.07"
116,1,"5","cs",1.055,"f",TRUE,"116_cs_f","0","1.07"
116,1,"5","inf",0.185,"f",TRUE,"116_inf_f","0","0.20"
116,1,"5","inf",0.185,"f",TRUE,"116_inf_f","0","0.20"
117,1,"5","cd",0.096,"car",TRUE,"117_cd_car","0","0.10"
117,1,"5","cd",0.096,"car",TRUE,"117_cd_car","0","0.10"
117,1,"5","cs",0.646,"f",TRUE,"117_cs_f","0","0.63"
117,1,"5","cs",0.646,"f",TRUE,"117_cs_f","0","0.63"
117,1,"5","cs",0.263,"tb",TRUE,"117_cs_tb","0","0.27"
117,1,"5","cs",0.263,"tb",TRUE,"117_cs_tb","0","0.27"
117,1,"5","inf",0.681,"bal",TRUE,"117_inf_bal","0","0.67"
117,1,"5","inf",0.681,"bal",TRUE,"117_inf_bal","0","0.67"
117,1,"5","inf",0.139,"bic",TRUE,"117_inf_bic","0","0.13"
117,1,"5","inf",0.139,"bic",TRUE,"117_inf_bic","0","0.13"
117,1,"5","inf",1.604,"d",TRUE,"117_inf_d","0","1.60"
117,1,"5","inf",1.604,"d",TRUE,"117_inf_d","0","1.60"
117,1,"5","inf",0.876,"f",TRUE,"117_inf_f","0","0.87"
117,1,"5","inf",0.876,"f",TRUE,"117_inf_f","0","0.87"
118,1,"5","cd",1.008,"d",TRUE,"118_cd_d","0","1.00"
118,1,"5","cd",1.008,"d",TRUE,"118_cd_d","0","1.00"
118,1,"5","cs",0.689,"ban",TRUE,"118_cs_ban","0","0.70"
118,1,"5","cs",0.689,"ban",TRUE,"118_cs_ban","0","0.70"
118,1,"5","cs",0.606,"bic",TRUE,"118_cs_bic","0","0.60"
118,1,"5","cs",0.606,"bic",TRUE,"118_cs_bic","0","0.60"
118,1,"5","cs",1.108,"o",TRUE,"118_cs_o","0","1.10"
118,1,"5","cs",1.108,"o",TRUE,"118_cs_o","0","1.10"
118,1,"5","inf",1.07,"car",TRUE,"118_inf_car","0","1.07"
118,1,"5","inf",1.07,"car",TRUE,"118_inf_car","0","1.07"
119,1,"5","cd",0.368,"carrot",TRUE,"119_cd_carrot","0","0.37"
119,1,"5","cd",0.368,"carrot",TRUE,"119_cd_carrot","0","0.37"
119,1,"5","cs",0.171,"ban",TRUE,"119_cs_ban","0","0.17"
119,1,"5","cs",0.171,"ban",TRUE,"119_cs_ban","0","0.17"
119,1,"5","cs",0.437,"car",TRUE,"119_cs_car","0","0.43"
119,1,"5","cs",0.437,"car",TRUE,"119_cs_car","0","0.43"
119,1,"5","inf",0.54,"bal",TRUE,"119_inf_bal","0","0.53"
119,1,"5","inf",0.54,"bal",TRUE,"119_inf_bal","0","0.53"
119,1,"5","inf",0.314,"bic",TRUE,"119_inf_bic","0","0.30"
119,1,"5","inf",0.314,"bic",TRUE,"119_inf_bic","0","0.30"
119,1,"5","inf",0.854,"d",TRUE,"119_inf_d","0","0.87"
119,1,"5","inf",0.854,"d",TRUE,"119_inf_d","0","0.87"
119,1,"5","inf",0.593,"f",TRUE,"119_inf_f","0","0.60"
119,1,"5","inf",0.593,"f",TRUE,"119_inf_f","0","0.60"
12,1,"2","cd",0.771,"bal",TRUE,"12_cd_bal","0","0.77"
12,1,"2","cd",0.771,"bal",TRUE,"12_cd_bal","0","0.77"
12,1,"2","cd",1.227,"f",TRUE,"12_cd_f","0","1.23"
12,1,"2","cd",1.227,"f",TRUE,"12_cd_f","0","1.23"
12,1,"2","cd",1.227,"f",TRUE,"12_cd_f","0","1.23"
12,1,"2","cd",1.227,"f",TRUE,"12_cd_f","0","1.23"
12,1,"2","cs",0.198,"bal",TRUE,"12_cs_bal","0","0.20"
12,1,"2","cs",0.198,"bal",TRUE,"12_cs_bal","0","0.20"
12,1,"2","cs",2.783,"tb",TRUE,"12_cs_tb","0","2.77"
12,1,"2","cs",2.783,"tb",TRUE,"12_cs_tb","0","2.77"
12,1,"2","inf",0.665,"ap",TRUE,"12_inf_ap","0","0.67"
12,1,"2","inf",0.665,"ap",TRUE,"12_inf_ap","0","0.67"
12,1,"2","inf",2.724,"tb",TRUE,"12_inf_tb","0","2.73"
12,1,"2","inf",2.724,"tb",TRUE,"12_inf_tb","0","2.73"
120,1,"5","cd",0.186,"ap",TRUE,"120_cd_ap","0","0.20"
120,1,"5","cd",0.186,"ap",TRUE,"120_cd_ap","0","0.20"
120,1,"5","cd",0.343,"carrot",TRUE,"120_cd_carrot","0","0.33"
120,1,"5","cd",0.343,"carrot",TRUE,"120_cd_carrot","0","0.33"
120,1,"5","cs",1.757,"ap",TRUE,"120_cs_ap","0","1.77"
120,1,"5","cs",1.757,"ap",TRUE,"120_cs_ap","0","1.77"
120,1,"5","cs",0.821,"f",TRUE,"120_cs_f","0","0.83"
120,1,"5","cs",0.821,"f",TRUE,"120_cs_f","0","0.83"
120,1,"5","cs",0.26,"tr",TRUE,"120_cs_tr","0","0.27"
120,1,"5","cs",0.26,"tr",TRUE,"120_cs_tr","0","0.27"
120,1,"5","inf",0.956,"bal",TRUE,"120_inf_bal","0","0.97"
120,1,"5","inf",0.956,"bal",TRUE,"120_inf_bal","0","0.97"
120,1,"5","inf",0.304,"d",TRUE,"120_inf_d","0","0.30"
120,1,"5","inf",0.304,"d",TRUE,"120_inf_d","0","0.30"
120,1,"5","inf",0.66,"f",TRUE,"120_inf_f","0","0.67"
120,1,"5","inf",0.66,"f",TRUE,"120_inf_f","0","0.67"
121,1,"5","cs",0.515,"ap",TRUE,"121_cs_ap","0","0.50"
121,1,"5","cs",0.515,"ap",TRUE,"121_cs_ap","0","0.50"
121,1,"5","cs",0.413,"f",TRUE,"121_cs_f","0","0.40"
121,1,"5","cs",0.413,"f",TRUE,"121_cs_f","0","0.40"
121,1,"5","cs",0.434,"o",TRUE,"121_cs_o","0","0.43"
121,1,"5","cs",0.434,"o",TRUE,"121_cs_o","0","0.43"
121,1,"5","cs",0.23,"tb",TRUE,"121_cs_tb","0","0.23"
121,1,"5","cs",0.23,"tb",TRUE,"121_cs_tb","0","0.23"
121,1,"5","cs",0.026,"tr",TRUE,"121_cs_tr","0","0.03"
121,1,"5","cs",0.026,"tr",TRUE,"121_cs_tr","0","0.03"
121,1,"5","inf",0.356,"bal",TRUE,"121_inf_bal","0","0.37"
121,1,"5","inf",0.356,"bal",TRUE,"121_inf_bal","0","0.37"
121,1,"5","inf",0.751,"f",TRUE,"121_inf_f","0","0.77"
121,1,"5","inf",0.751,"f",TRUE,"121_inf_f","0","0.77"
122,1,"5","cs",0.58,"ban",TRUE,"122_cs_ban","0","0.57"
122,1,"5","cs",0.58,"ban",TRUE,"122_cs_ban","0","0.57"
122,1,"5","cs",0.179,"cat",TRUE,"122_cs_cat","0","0.17"
122,1,"5","cs",0.179,"cat",TRUE,"122_cs_cat","0","0.17"
122,1,"5","cs",0.968,"o",TRUE,"122_cs_o","0","0.97"
122,1,"5","cs",0.968,"o",TRUE,"122_cs_o","0","0.97"
122,1,"5","cs",0.813,"tb",TRUE,"122_cs_tb","0","0.80"
122,1,"5","cs",0.813,"tb",TRUE,"122_cs_tb","0","0.80"
122,1,"5","cs",2.176,"tr",TRUE,"122_cs_tr","0","2.17"
122,1,"5","cs",2.176,"tr",TRUE,"122_cs_tr","0","2.17"
123,1,"5","cd",0.951,"o",TRUE,"123_cd_o","0","0.97"
123,1,"5","cd",0.951,"o",TRUE,"123_cd_o","0","0.97"
123,1,"5","cs",0.072,"bic",TRUE,"123_cs_bic","0","0.07"
123,1,"5","cs",0.072,"bic",TRUE,"123_cs_bic","0","0.07"
123,1,"5","cs",0.601,"car",TRUE,"123_cs_car","0","0.60"
123,1,"5","cs",0.601,"car",TRUE,"123_cs_car","0","0.60"
123,1,"5","cs",0.601,"car",TRUE,"123_cs_car","0","0.60"
123,1,"5","cs",0.601,"car",TRUE,"123_cs_car","0","0.60"
123,1,"5","cs",0.36,"cat",TRUE,"123_cs_cat","0","0.37"
123,1,"5","cs",0.36,"cat",TRUE,"123_cs_cat","0","0.37"
123,1,"5","cs",0.908,"tb",TRUE,"123_cs_tb","0","0.90"
123,1,"5","cs",0.908,"tb",TRUE,"123_cs_tb","0","0.90"
123,1,"5","cs",0.172,"tr",TRUE,"123_cs_tr","0","0.17"
123,1,"5","cs",0.172,"tr",TRUE,"123_cs_tr","0","0.17"
123,1,"5","inf",1.507,"ap",TRUE,"123_inf_ap","0","1.50"
123,1,"5","inf",1.507,"ap",TRUE,"123_inf_ap","0","1.50"
123,1,"5","inf",0.223,"carrot",TRUE,"123_inf_carrot","0","0.23"
123,1,"5","inf",0.223,"carrot",TRUE,"123_inf_carrot","0","0.23"
124,2,"3","cd",0.458,"d",TRUE,"124_cd_d","0","0.47"
124,2,"3","cd",0.485,"f",TRUE,"124_cd_f","0","0.50"
124,2,"3","cs",0.797,"ban",TRUE,"124_cs_ban","0","0.80"
124,2,"3","cs",1.191,"tb",TRUE,"124_cs_tb","0","1.20"
124,2,"3","inf",2.507,"ap",TRUE,"124_inf_ap","0","2.50"
124,2,"3","inf",1.945,"car",TRUE,"124_inf_car","0","1.93"
125,2,"3","cd",0.654,"bal",TRUE,"125_cd_bal","0","0.67"
125,2,"3","cs",0.723,"bal",TRUE,"125_cs_bal","0","0.73"
125,2,"3","inf",0.84,"ap",TRUE,"125_inf_ap","0","0.83"
125,2,"3","inf",0.07,"car",TRUE,"125_inf_car","0","0.07"
125,2,"3","inf",1.381,"carrot",TRUE,"125_inf_carrot","0","1.37"
125,2,"3","inf",1.332,"tb",TRUE,"125_inf_tb","0","1.33"
126,2,"4","cd",1.019,"f",TRUE,"126_cd_f","0","1.03"
126,2,"4","cs",1.073,"bal",TRUE,"126_cs_bal","0","1.07"
126,2,"4","cs",0.214,"ban",TRUE,"126_cs_ban","0","0.20"
126,2,"4","cs",0.768,"car",TRUE,"126_cs_car","0","0.77"
126,2,"4","cs",2.943,"cat",TRUE,"126_cs_cat","0","2.93"
126,2,"4","cs",0.322,"tr",TRUE,"126_cs_tr","0","0.33"
126,2,"4","inf",1.39,"ap",TRUE,"126_inf_ap","0","1.40"
126,2,"4","inf",0.787,"car",TRUE,"126_inf_car","0","0.80"
126,2,"4","inf",0.848,"carrot",TRUE,"126_inf_carrot","0","0.83"
126,2,"4","inf",1.016,"tb",TRUE,"126_inf_tb","0","1.00"
127,2,"3","cd",0.821,"bal",TRUE,"127_cd_bal","0","0.83"
127,2,"3","cd",0.583,"d",TRUE,"127_cd_d","0","0.57"
127,2,"3","cs",0.506,"ban",TRUE,"127_cs_ban","0","0.50"
127,2,"3","cs",0.722,"bic",TRUE,"127_cs_bic","0","0.73"
127,2,"3","cs",0.416,"o",TRUE,"127_cs_o","0","0.40"
127,2,"3","cs",0.433,"tb",TRUE,"127_cs_tb","0","0.43"
127,2,"3","cs",0.672,"tr",TRUE,"127_cs_tr","0","0.67"
127,2,"3","inf",1.79,"carrot",TRUE,"127_inf_carrot","0","1.80"
127,2,"3","inf",1.324,"tb",TRUE,"127_inf_tb","0","1.33"
128,2,"4","cs",2.457,"ap",TRUE,"128_cs_ap","0","2.47"
128,2,"4","inf",0.898,"bal",TRUE,"128_inf_bal","0","0.90"
128,2,"4","inf",0.439,"bic",TRUE,"128_inf_bic","0","0.43"
128,2,"4","inf",0.543,"f",TRUE,"128_inf_f","0","0.53"
129,2,"4","cd",0.286,"ap",TRUE,"129_cd_ap","0","0.30"
129,2,"4","cd",0.729,"car",TRUE,"129_cd_car","0","0.73"
129,2,"4","cd",0.093,"carrot",TRUE,"129_cd_carrot","0","0.10"
129,2,"4","cs",0.676,"o",TRUE,"129_cs_o","0","0.67"
129,2,"4","cs",0.113,"tb",TRUE,"129_cs_tb","0","0.10"
129,2,"4","cs",0.576,"tr",TRUE,"129_cs_tr","0","0.57"
129,2,"4","inf",1.065,"bal",TRUE,"129_inf_bal","0","1.07"
129,2,"4","inf",4.173,"bic",TRUE,"129_inf_bic","0","4.17"
129,2,"4","inf",2.129,"d",TRUE,"129_inf_d","0","2.13"
13,1,"2","cs",3.163,"cat",TRUE,"13_cs_cat","0","3.17"
13,1,"2","cs",3.163,"cat",TRUE,"13_cs_cat","0","3.17"
13,1,"2","inf",0.376,"f",TRUE,"13_inf_f","0","0.37"
13,1,"2","inf",0.376,"f",TRUE,"13_inf_f","0","0.37"
130,2,"4","cd",0.271,"car",TRUE,"130_cd_car","0","0.27"
130,2,"4","cs",0.655,"f",TRUE,"130_cs_f","0","0.67"
130,2,"4","cs",0.696,"tb",TRUE,"130_cs_tb","0","0.70"
130,2,"4","cs",1.11,"tr",TRUE,"130_cs_tr","0","1.10"
130,2,"4","inf",0.806,"bal",TRUE,"130_inf_bal","0","0.80"
130,2,"4","inf",1.354,"d",TRUE,"130_inf_d","0","1.37"
131,2,"3","cs",0.515,"bal",TRUE,"131_cs_bal","0","0.50"
131,2,"3","cs",0.701,"cat",TRUE,"131_cs_cat","0","0.70"
131,2,"3","cs",0.556,"tr",TRUE,"131_cs_tr","0","0.57"
131,2,"3","inf",0.632,"tb",TRUE,"131_inf_tb","0","0.63"
132,2,"3","cd",0.583,"d",TRUE,"132_cd_d","0","0.57"
132,2,"3","cs",0.506,"ban",TRUE,"132_cs_ban","0","0.50"
132,2,"3","inf",0.565,"ap",TRUE,"132_inf_ap","0","0.57"
132,2,"3","inf",0.748,"carrot",TRUE,"132_inf_carrot","0","0.73"
133,2,"4","cd",0.228,"ap",TRUE,"133_cd_ap","0","0.23"
133,2,"4","cd",0.546,"car",TRUE,"133_cd_car","0","0.53"
133,2,"4","cd",0.501,"carrot",TRUE,"133_cd_carrot","0","0.50"
133,2,"4","cs",1.598,"ap",TRUE,"133_cs_ap","0","1.60"
133,2,"4","cs",0.429,"car",TRUE,"133_cs_car","0","0.43"
133,2,"4","cs",0.143,"o",TRUE,"133_cs_o","0","0.13"
133,2,"4","cs",0.405,"tb",TRUE,"133_cs_tb","0","0.40"
133,2,"4","inf",2.562,"d",TRUE,"133_inf_d","0","2.57"
133,2,"4","inf",0.718,"f",TRUE,"133_inf_f","0","0.73"
134,2,"3","cd",0.329,"car",TRUE,"134_cd_car","0","0.33"
134,2,"3","cd",0.626,"carrot",TRUE,"134_cd_carrot","0","0.63"
134,2,"3","cs",1.02,"car",TRUE,"134_cs_car","0","1.03"
134,2,"3","cs",0.429,"cat",TRUE,"134_cs_cat","0","0.43"
134,2,"3","cs",0.746,"f",TRUE,"134_cs_f","0","0.73"
134,2,"3","cs",0.463,"tb",TRUE,"134_cs_tb","0","0.47"
134,2,"3","inf",0.731,"bal",TRUE,"134_inf_bal","0","0.73"
135,2,"4","cd",0.553,"ap",TRUE,"135_cd_ap","0","0.57"
135,2,"4","cd",0.387,"car",TRUE,"135_cd_car","0","0.40"
135,2,"4","cs",0.579,"car",TRUE,"135_cs_car","0","0.57"
135,2,"4","inf",1.66,"f",TRUE,"135_inf_f","0","1.67"
136,2,"4","cd",0.101,"carrot",TRUE,"136_cd_carrot","0","0.10"
136,2,"4","cd",0.376,"cat",TRUE,"136_cd_cat","0","0.37"
136,2,"4","cs",1.088,"ban",TRUE,"136_cs_ban","0","1.10"
136,2,"4","cs",0.518,"o",TRUE,"136_cs_o","0","0.53"
136,2,"4","cs",0.776,"tr",TRUE,"136_cs_tr","0","0.77"
136,2,"4","inf",2.139,"bic",TRUE,"136_inf_bic","0","2.13"
136,2,"4","inf",1.445,"d",TRUE,"136_inf_d","0","1.43"
136,2,"4","inf",0.226,"f",TRUE,"136_inf_f","0","0.23"
137,2,"3","cd",0.111,"ap",TRUE,"137_cd_ap","0","0.10"
137,2,"3","cs",0.248,"ap",TRUE,"137_cs_ap","0","0.23"
137,2,"3","cs",0.676,"o",TRUE,"137_cs_o","0","0.67"
137,2,"3","cs",0.588,"tb",TRUE,"137_cs_tb","0","0.60"
137,2,"3","inf",0.965,"bal",TRUE,"137_inf_bal","0","0.97"
137,2,"3","inf",1.526,"f",TRUE,"137_inf_f","0","1.53"
138,2,"4","cd",0.667,"d",TRUE,"138_cd_d","0","0.67"
138,2,"4","inf",1.007,"ap",TRUE,"138_inf_ap","0","1.00"
138,2,"4","inf",2.29,"carrot",TRUE,"138_inf_carrot","0","2.30"
138,2,"4","inf",1.216,"tb",TRUE,"138_inf_tb","0","1.20"
139,2,"4","cd",0.408,"d",TRUE,"139_cd_d","0","0.40"
139,2,"4","cs",0.298,"bal",TRUE,"139_cs_bal","0","0.30"
139,2,"4","cs",0.372,"ban",TRUE,"139_cs_ban","0","0.37"
139,2,"4","cs",0.45,"tb",TRUE,"139_cs_tb","0","0.47"
139,2,"4","cs",0.381,"tr",TRUE,"139_cs_tr","0","0.37"
139,2,"4","inf",0.029,"car",TRUE,"139_inf_car","0","0.03"
139,2,"4","inf",0.531,"carrot",TRUE,"139_inf_carrot","0","0.53"
14,1,"2","cd",1.779,"car",TRUE,"14_cd_car","0","1.77"
14,1,"2","cd",1.779,"car",TRUE,"14_cd_car","0","1.77"
14,1,"2","inf",0.581,"bal",TRUE,"14_inf_bal","0","0.57"
14,1,"2","inf",0.581,"bal",TRUE,"14_inf_bal","0","0.57"
140,2,"3","cd",0.108,"d",TRUE,"140_cd_d","0","0.10"
140,2,"3","cs",0.864,"ban",TRUE,"140_cs_ban","0","0.87"
140,2,"3","cs",0.501,"cat",TRUE,"140_cs_cat","0","0.50"
140,2,"3","cs",0.416,"tb",TRUE,"140_cs_tb","0","0.40"
140,2,"3","inf",0.648,"ap",TRUE,"140_inf_ap","0","0.63"
140,2,"3","inf",1.19,"carrot",TRUE,"140_inf_carrot","0","1.20"
141,2,"4","cd",2.079,"car",TRUE,"141_cd_car","0","2.07"
141,2,"4","cd",0.359,"carrot",TRUE,"141_cd_carrot","0","0.37"
141,2,"4","cs",0.13,"tb",TRUE,"141_cs_tb","0","0.13"
141,2,"4","cs",0.76,"tr",TRUE,"141_cs_tr","0","0.77"
142,2,"3","cd",0.346,"bal",TRUE,"142_cd_bal","0","0.33"
142,2,"3","cd",0.592,"d",TRUE,"142_cd_d","0","0.60"
142,2,"3","cd",0.643,"o",TRUE,"142_cd_o","0","0.63"
142,2,"3","cs",0.664,"ban",TRUE,"142_cs_ban","0","0.67"
142,2,"3","cs",0.751,"car",TRUE,"142_cs_car","0","0.77"
142,2,"3","cs",0.858,"o",TRUE,"142_cs_o","0","0.87"
142,2,"3","cs",0.841,"tb",TRUE,"142_cs_tb","0","0.83"
142,2,"3","inf",0.795,"car",TRUE,"142_inf_car","0","0.80"
143,2,"4","cs",0.023,"bal",TRUE,"143_cs_bal","0","0.03"
143,2,"4","cs",0.122,"tr",TRUE,"143_cs_tr","0","0.13"
143,2,"4","inf",0.648,"carrot",TRUE,"143_inf_carrot","0","0.63"
144,2,"4","cd",0.662,"bal",TRUE,"144_cd_bal","0","0.67"
144,2,"4","cd",0.233,"d",TRUE,"144_cd_d","0","0.23"
144,2,"4","cs",0.472,"ban",TRUE,"144_cs_ban","0","0.47"
144,2,"4","cs",0.193,"car",TRUE,"144_cs_car","0","0.20"
144,2,"4","cs",0.191,"tb",TRUE,"144_cs_tb","0","0.20"
144,2,"4","cs",0.397,"tr",TRUE,"144_cs_tr","0","0.40"
144,2,"4","inf",0.345,"car",TRUE,"144_inf_car","0","0.33"
144,2,"4","inf",0.941,"tb",TRUE,"144_inf_tb","0","0.93"
145,2,"4","cd",0.483,"d",TRUE,"145_cd_d","0","0.47"
145,2,"4","cs",0.281,"bal",TRUE,"145_cs_bal","0","0.27"
145,2,"4","cs",0.472,"tr",TRUE,"145_cs_tr","0","0.47"
145,2,"4","inf",1.181,"carrot",TRUE,"145_inf_carrot","0","1.17"
146,2,"4","cs",3.371,"f",TRUE,"146_cs_f","0","3.37"
146,2,"4","cs",0.259,"o",TRUE,"146_cs_o","0","0.27"
146,2,"4","inf",0.589,"bic",TRUE,"146_inf_bic","0","0.60"
147,2,"4","cd",0.667,"cat",TRUE,"147_cd_cat","0","0.67"
147,2,"4","cs",0.179,"cat",TRUE,"147_cs_cat","0","0.17"
147,2,"4","cs",0.471,"f",TRUE,"147_cs_f","0","0.47"
147,2,"4","cs",0.426,"o",TRUE,"147_cs_o","0","0.43"
147,2,"4","inf",0.506,"bal",TRUE,"147_inf_bal","0","0.50"
148,2,"3","cd",0.761,"ap",TRUE,"148_cd_ap","0","0.77"
148,2,"3","cd",0.437,"car",TRUE,"148_cd_car","0","0.43"
148,2,"3","cd",0.392,"cat",TRUE,"148_cd_cat","0","0.40"
148,2,"3","cs",0.329,"car",TRUE,"148_cs_car","0","0.33"
148,2,"3","cs",0.471,"f",TRUE,"148_cs_f","0","0.47"
148,2,"3","cs",0.159,"o",TRUE,"148_cs_o","0","0.17"
148,2,"3","cs",0.743,"tr",TRUE,"148_cs_tr","0","0.73"
148,2,"3","inf",0.385,"f",TRUE,"148_inf_f","0","0.40"
149,2,"4","cd",0.678,"ap",TRUE,"149_cd_ap","0","0.67"
149,2,"4","cd",0.587,"car",TRUE,"149_cd_car","0","0.60"
149,2,"4","cd",0.501,"cat",TRUE,"149_cd_cat","0","0.50"
149,2,"4","cs",1.613,"ban",TRUE,"149_cs_ban","0","1.60"
149,2,"4","cs",1.054,"car",TRUE,"149_cs_car","0","1.07"
149,2,"4","cs",0.979,"cat",TRUE,"149_cs_cat","0","0.97"
149,2,"4","cs",0.035,"tr",TRUE,"149_cs_tr","0","0.03"
149,2,"4","inf",0.245,"d",TRUE,"149_inf_d","0","0.23"
149,2,"4","inf",0.176,"f",TRUE,"149_inf_f","0","0.17"
15,1,"2","cs",0.813,"tb",TRUE,"15_cs_tb","0","0.80"
15,1,"2","cs",0.813,"tb",TRUE,"15_cs_tb","0","0.80"
15,1,"2","inf",1.956,"bal",TRUE,"15_inf_bal","0","1.97"
15,1,"2","inf",1.956,"bal",TRUE,"15_inf_bal","0","1.97"
150,2,"4","cs",0.396,"cat",TRUE,"150_cs_cat","0","0.40"
150,2,"4","cs",0.871,"f",TRUE,"150_cs_f","0","0.87"
150,2,"4","cs",0.376,"o",TRUE,"150_cs_o","0","0.37"
150,2,"4","inf",0.881,"bic",TRUE,"150_inf_bic","0","0.87"
150,2,"4","inf",0.543,"f",TRUE,"150_inf_f","0","0.53"
151,2,"4","cd",0.012,"bal",TRUE,"151_cd_bal","0","0.00"
151,2,"4","cd",0.725,"d",TRUE,"151_cd_d","0","0.73"
151,2,"4","cd",0.527,"f",TRUE,"151_cd_f","0","0.53"
151,2,"4","cs",0.481,"ban",TRUE,"151_cs_ban","0","0.47"
151,2,"4","cs",0.364,"bic",TRUE,"151_cs_bic","0","0.37"
151,2,"4","cs",0.543,"cat",TRUE,"151_cs_cat","0","0.53"
151,2,"4","cs",0.5,"o",TRUE,"151_cs_o","0","0.50"
151,2,"4","cs",0.716,"tb",TRUE,"151_cs_tb","0","0.70"
151,2,"4","inf",0.287,"car",TRUE,"151_inf_car","0","0.30"
151,2,"4","inf",0.899,"tb",TRUE,"151_inf_tb","0","0.90"
152,2,"4","cd",0.804,"bal",TRUE,"152_cd_bal","0","0.80"
152,2,"4","cd",0.333,"d",TRUE,"152_cd_d","0","0.33"
152,2,"4","cs",0.3,"tb",TRUE,"152_cs_tb","0","0.30"
153,2,"3","cs",0.184,"car",TRUE,"153_cs_car","0","0.20"
153,2,"3","cs",0.576,"cat",TRUE,"153_cs_cat","0","0.57"
153,2,"3","cs",0.041,"o",TRUE,"153_cs_o","0","0.03"
153,2,"3","inf",0.815,"ap",TRUE,"153_inf_ap","0","0.80"
153,2,"3","inf",0.445,"car",TRUE,"153_inf_car","0","0.43"
153,2,"3","inf",0.34,"carrot",TRUE,"153_inf_carrot","0","0.33"
154,2,"3","cs",0.573,"bal",TRUE,"154_cs_bal","0","0.57"
154,2,"3","cs",0.489,"ban",TRUE,"154_cs_ban","0","0.50"
154,2,"3","cs",0.691,"o",TRUE,"154_cs_o","0","0.70"
154,2,"3","cs",0.675,"tb",TRUE,"154_cs_tb","0","0.67"
154,2,"3","cs",0.322,"tr",TRUE,"154_cs_tr","0","0.33"
154,2,"3","inf",1.915,"ap",TRUE,"154_inf_ap","0","1.90"
154,2,"3","inf",0.931,"carrot",TRUE,"154_inf_carrot","0","0.93"
155,2,"4","cd",0.679,"bal",TRUE,"155_cd_bal","0","0.67"
155,2,"4","cd",0.885,"f",TRUE,"155_cd_f","0","0.90"
155,2,"4","cs",0.389,"ban",TRUE,"155_cs_ban","0","0.40"
155,2,"4","cs",0.422,"bic",TRUE,"155_cs_bic","0","0.43"
155,2,"4","cs",0.668,"cat",TRUE,"155_cs_cat","0","0.67"
155,2,"4","cs",0.333,"tb",TRUE,"155_cs_tb","0","0.33"
155,2,"4","cs",0.597,"tr",TRUE,"155_cs_tr","0","0.60"
155,2,"4","inf",2.248,"carrot",TRUE,"155_inf_carrot","0","2.23"
156,2,"4","cd",0.462,"bal",TRUE,"156_cd_bal","0","0.47"
156,2,"4","cs",0.326,"car",TRUE,"156_cs_car","0","0.33"
156,2,"4","cs",0.476,"cat",TRUE,"156_cs_cat","0","0.47"
156,2,"4","inf",1.173,"ap",TRUE,"156_inf_ap","0","1.17"
156,2,"4","inf",1.52,"car",TRUE,"156_inf_car","0","1.53"
156,2,"4","inf",3.44,"carrot",TRUE,"156_inf_carrot","0","3.43"
157,2,"4","cd",1.179,"bal",TRUE,"157_cd_bal","0","1.17"
157,2,"4","cd",0.234,"o",TRUE,"157_cd_o","0","0.23"
157,2,"4","cs",0.275,"o",TRUE,"157_cs_o","0","0.27"
157,2,"4","cs",0.791,"tb",TRUE,"157_cs_tb","0","0.80"
157,2,"4","inf",0.407,"ap",TRUE,"157_inf_ap","0","0.40"
158,2,"4","cd",1.121,"bal",TRUE,"158_cd_bal","0","1.13"
158,2,"4","cd",0.601,"o",TRUE,"158_cd_o","0","0.60"
158,2,"4","cs",0.731,"ban",TRUE,"158_cs_ban","0","0.73"
158,2,"4","cs",0.71,"cat",TRUE,"158_cs_cat","0","0.70"
158,2,"4","cs",0.908,"tb",TRUE,"158_cs_tb","0","0.90"
158,2,"4","inf",2.245,"car",TRUE,"158_inf_car","0","2.23"
159,2,"4","cd",0.562,"car",TRUE,"159_cd_car","0","0.57"
159,2,"4","cs",0.579,"car",TRUE,"159_cs_car","0","0.57"
159,2,"4","cs",0.08,"tb",TRUE,"159_cs_tb","0","0.07"
159,2,"4","cs",0.06,"tr",TRUE,"159_cs_tr","0","0.07"
159,2,"4","inf",0.165,"bal",TRUE,"159_inf_bal","0","0.17"
159,2,"4","inf",0.081,"bic",TRUE,"159_inf_bic","0","0.07"
159,2,"4","inf",0.22,"d",TRUE,"159_inf_d","0","0.23"
159,2,"4","inf",0.418,"f",TRUE,"159_inf_f","0","0.43"
16,1,"adult","cd",0.423,"bic",TRUE,"16_cd_bic","0","0.43"
16,1,"adult","cd",0.423,"bic",TRUE,"16_cd_bic","0","0.43"
16,1,"adult","cd",0.676,"o",TRUE,"16_cd_o","0","0.67"
16,1,"adult","cd",0.676,"o",TRUE,"16_cd_o","0","0.67"
16,1,"adult","cs",0.748,"ap",TRUE,"16_cs_ap","0","0.73"
16,1,"adult","cs",0.748,"ap",TRUE,"16_cs_ap","0","0.73"
16,1,"adult","cs",0.64,"bal",TRUE,"16_cs_bal","0","0.63"
16,1,"adult","cs",0.64,"bal",TRUE,"16_cs_bal","0","0.63"
16,1,"adult","cs",0.226,"car",TRUE,"16_cs_car","0","0.23"
16,1,"adult","cs",0.226,"car",TRUE,"16_cs_car","0","0.23"
16,1,"adult","cs",0.709,"carrot",TRUE,"16_cs_carrot","0","0.70"
16,1,"adult","cs",0.709,"carrot",TRUE,"16_cs_carrot","0","0.70"
16,1,"adult","cs",0.235,"f",TRUE,"16_cs_f","0","0.23"
16,1,"adult","cs",0.235,"f",TRUE,"16_cs_f","0","0.23"
16,1,"adult","cs",0.216,"tb",TRUE,"16_cs_tb","0","0.20"
16,1,"adult","cs",0.216,"tb",TRUE,"16_cs_tb","0","0.20"
16,1,"adult","cs",0.872,"tr",TRUE,"16_cs_tr","0","0.87"
16,1,"adult","cs",0.872,"tr",TRUE,"16_cs_tr","0","0.87"
16,1,"adult","inf",0.082,"ap",TRUE,"16_inf_ap","0","0.07"
16,1,"adult","inf",0.082,"ap",TRUE,"16_inf_ap","0","0.07"
16,1,"adult","inf",0.115,"carrot",TRUE,"16_inf_carrot","0","0.10"
16,1,"adult","inf",0.115,"carrot",TRUE,"16_inf_carrot","0","0.10"
16,1,"adult","inf",0.609,"tr",TRUE,"16_inf_tr","0","0.60"
16,1,"adult","inf",0.609,"tr",TRUE,"16_inf_tr","0","0.60"
160,2,"4","cd",0.77,"ap",TRUE,"160_cd_ap","0","0.77"
160,2,"4","cs",0.18,"tb",TRUE,"160_cs_tb","0","0.17"
160,2,"4","inf",0.631,"bal",TRUE,"160_inf_bal","0","0.63"
161,2,"3","cd",0.954,"car",TRUE,"161_cd_car","0","0.97"
161,2,"3","cs",0.413,"ban",TRUE,"161_cs_ban","0","0.40"
161,2,"3","cs",0.788,"f",TRUE,"161_cs_f","0","0.80"
161,2,"3","cs",0.788,"f",TRUE,"161_cs_f","0","0.80"
161,2,"3","cs",0.288,"tb",TRUE,"161_cs_tb","0","0.30"
161,2,"3","cs",0.193,"tr",TRUE,"161_cs_tr","0","0.20"
161,2,"3","inf",0.831,"bal",TRUE,"161_inf_bal","0","0.83"
161,2,"3","inf",0.329,"d",TRUE,"161_inf_d","0","0.33"
161,2,"3","inf",0.368,"f",TRUE,"161_inf_f","0","0.37"
162,2,"4","cd",0.101,"cat",TRUE,"162_cd_cat","0","0.10"
162,2,"4","cs",1.271,"ban",TRUE,"162_cs_ban","0","1.27"
162,2,"4","cs",0.704,"cat",TRUE,"162_cs_cat","0","0.70"
162,2,"4","inf",1.031,"bal",TRUE,"162_inf_bal","0","1.03"
162,2,"4","inf",0.956,"bic",TRUE,"162_inf_bic","0","0.97"
162,2,"4","inf",1.393,"f",TRUE,"162_inf_f","0","1.40"
163,2,"3","cd",0.796,"car",TRUE,"163_cd_car","0","0.80"
163,2,"3","cd",0.409,"cat",TRUE,"163_cd_cat","0","0.40"
163,2,"3","cs",0.523,"ap",TRUE,"163_cs_ap","0","0.53"
163,2,"3","cs",0.246,"ban",TRUE,"163_cs_ban","0","0.23"
163,2,"3","cs",0.621,"f",TRUE,"163_cs_f","0","0.63"
163,2,"3","cs",1.159,"o",TRUE,"163_cs_o","0","1.17"
163,2,"3","inf",1.356,"bic",TRUE,"163_inf_bic","0","1.37"
163,2,"3","inf",3.195,"d",TRUE,"163_inf_d","0","3.20"
163,2,"3","inf",0.768,"f",TRUE,"163_inf_f","0","0.77"
164,2,"3","cd",0.026,"carrot",TRUE,"164_cd_carrot","0","0.03"
164,2,"3","cs",0.937,"car",TRUE,"164_cs_car","0","0.93"
164,2,"3","cs",0.48,"f",TRUE,"164_cs_f","0","0.47"
165,2,"4","cd",0.578,"ap",TRUE,"165_cd_ap","0","0.57"
165,2,"4","cd",0.837,"car",TRUE,"165_cd_car","0","0.83"
165,2,"4","cd",0.226,"cat",TRUE,"165_cd_cat","0","0.23"
165,2,"4","cs",0.373,"ap",TRUE,"165_cs_ap","0","0.37"
165,2,"4","cs",0.845,"car",TRUE,"165_cs_car","0","0.83"
165,2,"4","cs",0.151,"o",TRUE,"165_cs_o","0","0.17"
165,2,"4","cs",0.488,"tb",TRUE,"165_cs_tb","0","0.50"
165,2,"4","cs",0.393,"tr",TRUE,"165_cs_tr","0","0.40"
165,2,"4","inf",1.206,"bic",TRUE,"165_inf_bic","0","1.20"
166,2,"4","cd",0.145,"ap",TRUE,"166_cd_ap","0","0.13"
166,2,"4","cd",0.159,"carrot",TRUE,"166_cd_carrot","0","0.17"
166,2,"4","cd",0.251,"cat",TRUE,"166_cd_cat","0","0.27"
166,2,"4","cs",0.698,"ap",TRUE,"166_cs_ap","0","0.70"
166,2,"4","cs",0.646,"ban",TRUE,"166_cs_ban","0","0.63"
166,2,"4","cs",0.529,"car",TRUE,"166_cs_car","0","0.53"
167,2,"4","cd",0.911,"ap",TRUE,"167_cd_ap","0","0.90"
167,2,"4","cs",0.58,"f",TRUE,"167_cs_f","0","0.57"
168,2,"3","cd",0.343,"carrot",TRUE,"168_cd_carrot","0","0.33"
168,2,"3","cs",0.571,"ban",TRUE,"168_cs_ban","0","0.57"
168,2,"3","inf",0.748,"bal",TRUE,"168_inf_bal","0","0.73"
168,2,"3","inf",0.748,"bic",TRUE,"168_inf_bic","0","0.73"
168,2,"3","inf",0.187,"d",TRUE,"168_inf_d","0","0.20"
168,2,"3","inf",0.26,"f",TRUE,"168_inf_f","0","0.27"
169,2,"3","cd",0.804,"car",TRUE,"169_cd_car","0","0.80"
169,2,"3","cs",2.146,"f",TRUE,"169_cs_f","0","2.13"
169,2,"3","inf",0.312,"d",TRUE,"169_inf_d","0","0.30"
17,1,"adult","cd",0.554,"car",TRUE,"17_cd_car","0","0.57"
17,1,"adult","cd",0.554,"car",TRUE,"17_cd_car","0","0.57"
17,1,"adult","cd",0.343,"carrot",TRUE,"17_cd_carrot","0","0.33"
17,1,"adult","cd",0.343,"carrot",TRUE,"17_cd_carrot","0","0.33"
17,1,"adult","cd",0.892,"cat",TRUE,"17_cd_cat","0","0.90"
17,1,"adult","cd",0.892,"cat",TRUE,"17_cd_cat","0","0.90"
17,1,"adult","cd",0.083,"tb",TRUE,"17_cd_tb","0","0.07"
17,1,"adult","cd",0.083,"tb",TRUE,"17_cd_tb","0","0.07"
17,1,"adult","cs",1.043,"carrot",TRUE,"17_cs_carrot","0","1.03"
17,1,"adult","cs",1.043,"carrot",TRUE,"17_cs_carrot","0","1.03"
17,1,"adult","cs",0.004,"cat",TRUE,"17_cs_cat","0","0.00"
17,1,"adult","cs",0.659,"o",TRUE,"17_cs_o","0","0.67"
17,1,"adult","cs",0.659,"o",TRUE,"17_cs_o","0","0.67"
17,1,"adult","cs",0.73,"tb",TRUE,"17_cs_tb","0","0.73"
17,1,"adult","cs",0.73,"tb",TRUE,"17_cs_tb","0","0.73"
17,1,"adult","cs",0.718,"tr",TRUE,"17_cs_tr","0","0.73"
17,1,"adult","cs",0.718,"tr",TRUE,"17_cs_tr","0","0.73"
17,1,"adult","inf",0.79,"bal",TRUE,"17_inf_bal","0","0.80"
17,1,"adult","inf",0.79,"bal",TRUE,"17_inf_bal","0","0.80"
17,1,"adult","inf",1.548,"bic",TRUE,"17_inf_bic","0","1.53"
17,1,"adult","inf",1.548,"bic",TRUE,"17_inf_bic","0","1.53"
17,1,"adult","inf",1.617,"o",TRUE,"17_inf_o","0","1.63"
17,1,"adult","inf",1.617,"o",TRUE,"17_inf_o","0","1.63"
170,2,"4","cd",0.517,"cat",TRUE,"170_cd_cat","0","0.53"
170,2,"4","cs",0.295,"car",TRUE,"170_cs_car","0","0.30"
170,2,"4","inf",0.19,"bal",TRUE,"170_inf_bal","0","0.20"
171,2,"4","cd",0.786,"ap",TRUE,"171_cd_ap","0","0.80"
171,2,"4","cs",0.398,"ap",TRUE,"171_cs_ap","0","0.40"
171,2,"4","cs",0.413,"ban",TRUE,"171_cs_ban","0","0.40"
171,2,"4","cs",0.037,"car",TRUE,"171_cs_car","0","0.03"
171,2,"4","inf",0.331,"bal",TRUE,"171_inf_bal","0","0.33"
171,2,"4","inf",0.506,"bic",TRUE,"171_inf_bic","0","0.50"
171,2,"4","inf",0.876,"f",TRUE,"171_inf_f","0","0.87"
18,1,"adult","cd",0.334,"carrot",TRUE,"18_cd_carrot","0","0.33"
18,1,"adult","cd",0.334,"carrot",TRUE,"18_cd_carrot","0","0.33"
18,1,"adult","cd",0.466,"tb",TRUE,"18_cd_tb","0","0.47"
18,1,"adult","cd",0.466,"tb",TRUE,"18_cd_tb","0","0.47"
18,1,"adult","cd",0.714,"tr",TRUE,"18_cd_tr","0","0.70"
18,1,"adult","cd",0.714,"tr",TRUE,"18_cd_tr","0","0.70"
18,1,"adult","cs",0.548,"ap",TRUE,"18_cs_ap","0","0.53"
18,1,"adult","cs",0.548,"ap",TRUE,"18_cs_ap","0","0.53"
18,1,"adult","cs",0.23,"ban",TRUE,"18_cs_ban","0","0.23"
18,1,"adult","cs",0.23,"ban",TRUE,"18_cs_ban","0","0.23"
18,1,"adult","cs",0.143,"carrot",TRUE,"18_cs_carrot","0","0.13"
18,1,"adult","cs",0.143,"carrot",TRUE,"18_cs_carrot","0","0.13"
18,1,"adult","cs",0.196,"cat",TRUE,"18_cs_cat","0","0.20"
18,1,"adult","cs",0.196,"cat",TRUE,"18_cs_cat","0","0.20"
18,1,"adult","cs",0.385,"tr",TRUE,"18_cs_tr","0","0.40"
18,1,"adult","cs",0.385,"tr",TRUE,"18_cs_tr","0","0.40"
18,1,"adult","inf",0.956,"bal",TRUE,"18_inf_bal","0","0.97"
18,1,"adult","inf",0.956,"bal",TRUE,"18_inf_bal","0","0.97"
18,1,"adult","inf",0.198,"bic",TRUE,"18_inf_bic","0","0.20"
18,1,"adult","inf",0.198,"bic",TRUE,"18_inf_bic","0","0.20"
18,1,"adult","inf",0.217,"o",TRUE,"18_inf_o","0","0.23"
18,1,"adult","inf",0.217,"o",TRUE,"18_inf_o","0","0.23"
19,1,"adult","cd",0.462,"bal",TRUE,"19_cd_bal","0","0.47"
19,1,"adult","cd",0.462,"bal",TRUE,"19_cd_bal","0","0.47"
19,1,"adult","cs",0.947,"bic",TRUE,"19_cs_bic","0","0.93"
19,1,"adult","cs",0.947,"bic",TRUE,"19_cs_bic","0","0.93"
19,1,"adult","cs",0.378,"d",TRUE,"19_cs_d","0","0.37"
19,1,"adult","cs",0.378,"d",TRUE,"19_cs_d","0","0.37"
19,1,"adult","inf",1.04,"carrot",TRUE,"19_inf_carrot","0","1.03"
19,1,"adult","inf",1.04,"carrot",TRUE,"19_inf_carrot","0","1.03"
19,1,"adult","inf",2.088,"cat",TRUE,"19_inf_cat","0","2.10"
19,1,"adult","inf",0.649,"tb",TRUE,"19_inf_tb","0","0.63"
19,1,"adult","inf",0.649,"tb",TRUE,"19_inf_tb","0","0.63"
2,1,"4","cd",0.021,"car",TRUE,"2_cd_car","0","0.03"
2,1,"4","cd",0.021,"car",TRUE,"2_cd_car","0","0.03"
2,1,"4","cd",0.318,"carrot",TRUE,"2_cd_carrot","0","0.33"
2,1,"4","cd",0.318,"carrot",TRUE,"2_cd_carrot","0","0.33"
2,1,"4","cd",0.576,"cat",TRUE,"2_cd_cat","0","0.57"
2,1,"4","cd",0.576,"cat",TRUE,"2_cd_cat","0","0.57"
2,1,"4","cs",0.551,"o",TRUE,"2_cs_o","0","0.57"
2,1,"4","cs",0.551,"o",TRUE,"2_cs_o","0","0.57"
2,1,"4","cs",0.28,"tb",TRUE,"2_cs_tb","0","0.27"
2,1,"4","cs",0.28,"tb",TRUE,"2_cs_tb","0","0.27"
2,1,"4","cs",1.001,"tr",TRUE,"2_cs_tr","0","1.00"
2,1,"4","cs",1.001,"tr",TRUE,"2_cs_tr","0","1.00"
2,1,"4","inf",1.481,"bic",TRUE,"2_inf_bic","0","1.47"
2,1,"4","inf",1.481,"bic",TRUE,"2_inf_bic","0","1.47"
2,1,"4","inf",0.095,"d",TRUE,"2_inf_d","0","0.10"
2,1,"4","inf",0.095,"d",TRUE,"2_inf_d","0","0.10"
2,1,"4","inf",1.693,"f",TRUE,"2_inf_f","0","1.70"
2,1,"4","inf",1.693,"f",TRUE,"2_inf_f","0","1.70"
20,1,"2","cd",0.646,"bal",TRUE,"20_cd_bal","0","0.63"
20,1,"2","cd",0.646,"bal",TRUE,"20_cd_bal","0","0.63"
20,1,"2","cs",0.498,"bal",TRUE,"20_cs_bal","0","0.50"
20,1,"2","cs",0.498,"bal",TRUE,"20_cs_bal","0","0.50"
20,1,"2","cs",0.889,"bic",TRUE,"20_cs_bic","0","0.90"
20,1,"2","cs",0.889,"bic",TRUE,"20_cs_bic","0","0.90"
20,1,"2","cs",0.651,"car",TRUE,"20_cs_car","0","0.67"
20,1,"2","cs",0.651,"car",TRUE,"20_cs_car","0","0.67"
20,1,"2","cs",0.543,"cat",TRUE,"20_cs_cat","0","0.53"
20,1,"2","cs",0.543,"cat",TRUE,"20_cs_cat","0","0.53"
20,1,"2","cs",2.025,"o",TRUE,"20_cs_o","0","2.03"
20,1,"2","cs",2.025,"o",TRUE,"20_cs_o","0","2.03"
20,1,"2","inf",1.565,"ap",TRUE,"20_inf_ap","0","1.57"
20,1,"2","inf",1.565,"ap",TRUE,"20_inf_ap","0","1.57"
20,1,"2","inf",0.573,"carrot",TRUE,"20_inf_carrot","0","0.57"
20,1,"2","inf",0.573,"carrot",TRUE,"20_inf_carrot","0","0.57"
21,1,"3","cd",1.021,"bal",TRUE,"21_cd_bal","0","1.03"
21,1,"3","cd",1.021,"bal",TRUE,"21_cd_bal","0","1.03"
21,1,"3","cs",0.064,"ban",TRUE,"21_cs_ban","0","0.07"
21,1,"3","cs",0.064,"ban",TRUE,"21_cs_ban","0","0.07"
21,1,"3","cs",1.168,"car",TRUE,"21_cs_car","0","1.17"
21,1,"3","cs",1.168,"car",TRUE,"21_cs_car","0","1.17"
21,1,"3","cs",0.858,"tb",TRUE,"21_cs_tb","0","0.87"
21,1,"3","cs",0.858,"tb",TRUE,"21_cs_tb","0","0.87"
21,1,"3","inf",1.148,"ap",TRUE,"21_inf_ap","0","1.13"
21,1,"3","inf",1.148,"ap",TRUE,"21_inf_ap","0","1.13"
21,1,"3","inf",1.02,"car",TRUE,"21_inf_car","0","1.03"
21,1,"3","inf",1.02,"car",TRUE,"21_inf_car","0","1.03"
22,1,"4","cd",0.692,"cat",TRUE,"22_cd_cat","0","0.70"
22,1,"4","cd",0.692,"cat",TRUE,"22_cd_cat","0","0.70"
22,1,"4","cs",0.432,"ap",TRUE,"22_cs_ap","0","0.43"
22,1,"4","cs",0.432,"ap",TRUE,"22_cs_ap","0","0.43"
22,1,"4","cs",0.346,"ban",TRUE,"22_cs_ban","0","0.33"
22,1,"4","cs",0.346,"ban",TRUE,"22_cs_ban","0","0.33"
22,1,"4","cs",0.221,"cat",TRUE,"22_cs_cat","0","0.23"
22,1,"4","cs",0.221,"cat",TRUE,"22_cs_cat","0","0.23"
22,1,"4","cs",0.43,"tb",TRUE,"22_cs_tb","0","0.43"
22,1,"4","cs",0.43,"tb",TRUE,"22_cs_tb","0","0.43"
22,1,"4","inf",0.731,"bic",TRUE,"22_inf_bic","0","0.73"
22,1,"4","inf",0.731,"bic",TRUE,"22_inf_bic","0","0.73"
23,1,"adult","cd",0.146,"car",TRUE,"23_cd_car","0","0.13"
23,1,"adult","cd",0.146,"car",TRUE,"23_cd_car","0","0.13"
23,1,"adult","cs",0.632,"ap",TRUE,"23_cs_ap","0","0.63"
23,1,"adult","cs",0.632,"ap",TRUE,"23_cs_ap","0","0.63"
23,1,"adult","cs",0.279,"bal",TRUE,"23_cs_bal","0","0.27"
23,1,"adult","cs",0.279,"bal",TRUE,"23_cs_bal","0","0.27"
23,1,"adult","cs",0.205,"ban",TRUE,"23_cs_ban","0","0.20"
23,1,"adult","cs",0.205,"ban",TRUE,"23_cs_ban","0","0.20"
23,1,"adult","cs",0.004,"car",TRUE,"23_cs_car","0","0.00"
23,1,"adult","cs",0.004,"car",TRUE,"23_cs_car","0","0.00"
23,1,"adult","cs",0.013,"cat",TRUE,"23_cs_cat","0","0.00"
23,1,"adult","cs",0.388,"f",TRUE,"23_cs_f","0","0.40"
23,1,"adult","cs",0.388,"f",TRUE,"23_cs_f","0","0.40"
23,1,"adult","inf",1.998,"bal",TRUE,"23_inf_bal","0","2.00"
23,1,"adult","inf",1.998,"bal",TRUE,"23_inf_bal","0","2.00"
23,1,"adult","inf",0.764,"ban",TRUE,"23_inf_ban","0","0.77"
23,1,"adult","inf",0.764,"ban",TRUE,"23_inf_ban","0","0.77"
23,1,"adult","inf",0.92,"d",TRUE,"23_inf_d","0","0.93"
23,1,"adult","inf",0.92,"d",TRUE,"23_inf_d","0","0.93"
24,1,"adult","cd",0.577,"ban",TRUE,"24_cd_ban","0","0.57"
24,1,"adult","cd",0.577,"ban",TRUE,"24_cd_ban","0","0.57"
24,1,"adult","cd",0.464,"bic",TRUE,"24_cd_bic","0","0.47"
24,1,"adult","cd",0.464,"bic",TRUE,"24_cd_bic","0","0.47"
24,1,"adult","cd",0.351,"o",TRUE,"24_cd_o","0","0.37"
24,1,"adult","cd",0.351,"o",TRUE,"24_cd_o","0","0.37"
24,1,"adult","cs",1.04,"ap",TRUE,"24_cs_ap","0","1.03"
24,1,"adult","cs",1.04,"ap",TRUE,"24_cs_ap","0","1.03"
24,1,"adult","cs",0.198,"bal",TRUE,"24_cs_bal","0","0.20"
24,1,"adult","cs",0.198,"bal",TRUE,"24_cs_bal","0","0.20"
24,1,"adult","cs",0.776,"car",TRUE,"24_cs_car","0","0.77"
24,1,"adult","cs",0.776,"car",TRUE,"24_cs_car","0","0.77"
24,1,"adult","cs",0.351,"cat",TRUE,"24_cs_cat","0","0.37"
24,1,"adult","cs",0.351,"cat",TRUE,"24_cs_cat","0","0.37"
24,1,"adult","cs",0.593,"f",TRUE,"24_cs_f","0","0.60"
24,1,"adult","cs",0.593,"f",TRUE,"24_cs_f","0","0.60"
24,1,"adult","cs",0.591,"o",TRUE,"24_cs_o","0","0.60"
24,1,"adult","cs",0.591,"o",TRUE,"24_cs_o","0","0.60"
24,1,"adult","cs",0.691,"tb",TRUE,"24_cs_tb","0","0.70"
24,1,"adult","cs",0.691,"tb",TRUE,"24_cs_tb","0","0.70"
24,1,"adult","inf",0.281,"carrot",TRUE,"24_inf_carrot","0","0.27"
24,1,"adult","inf",0.281,"carrot",TRUE,"24_inf_carrot","0","0.27"
25,1,"adult","cd",2.435,"ban",TRUE,"25_cd_ban","0","2.43"
25,1,"adult","cd",2.435,"ban",TRUE,"25_cd_ban","0","2.43"
25,1,"adult","cs",0.518,"carrot",TRUE,"25_cs_carrot","0","0.53"
25,1,"adult","cs",0.518,"carrot",TRUE,"25_cs_carrot","0","0.53"
25,1,"adult","cs",1.443,"f",TRUE,"25_cs_f","0","1.43"
25,1,"adult","cs",1.443,"f",TRUE,"25_cs_f","0","1.43"
25,1,"adult","cs",0.791,"tb",TRUE,"25_cs_tb","0","0.80"
25,1,"adult","cs",0.791,"tb",TRUE,"25_cs_tb","0","0.80"
25,1,"adult","inf",2.44,"carrot",TRUE,"25_inf_carrot","0","2.43"
25,1,"adult","inf",2.44,"carrot",TRUE,"25_inf_carrot","0","2.43"
25,1,"adult","inf",1.296,"cat",TRUE,"25_inf_cat","0","1.30"
25,1,"adult","inf",1.296,"cat",TRUE,"25_inf_cat","0","1.30"
25,1,"adult","inf",3.424,"tb",TRUE,"25_inf_tb","0","3.43"
25,1,"adult","inf",3.424,"tb",TRUE,"25_inf_tb","0","3.43"
26,1,"adult","cd",0.517,"cat",TRUE,"26_cd_cat","0","0.53"
26,1,"adult","cd",0.517,"cat",TRUE,"26_cd_cat","0","0.53"
26,1,"adult","cd",0.658,"tb",TRUE,"26_cd_tb","0","0.67"
26,1,"adult","cd",0.658,"tb",TRUE,"26_cd_tb","0","0.67"
26,1,"adult","cs",0.688,"ban",TRUE,"26_cs_ban","0","0.70"
26,1,"adult","cs",0.688,"ban",TRUE,"26_cs_ban","0","0.70"
26,1,"adult","cs",0.571,"f",TRUE,"26_cs_f","0","0.57"
26,1,"adult","cs",0.571,"f",TRUE,"26_cs_f","0","0.57"
26,1,"adult","cs",0.496,"tb",TRUE,"26_cs_tb","0","0.50"
26,1,"adult","cs",0.496,"tb",TRUE,"26_cs_tb","0","0.50"
26,1,"adult","inf",0.289,"ban",TRUE,"26_inf_ban","0","0.30"
26,1,"adult","inf",0.289,"ban",TRUE,"26_inf_ban","0","0.30"
26,1,"adult","inf",1.32,"d",TRUE,"26_inf_d","0","1.33"
26,1,"adult","inf",1.32,"d",TRUE,"26_inf_d","0","1.33"
26,1,"adult","inf",0.485,"f",TRUE,"26_inf_f","0","0.50"
26,1,"adult","inf",0.485,"f",TRUE,"26_inf_f","0","0.50"
26,1,"adult","inf",0.451,"o",TRUE,"26_inf_o","0","0.47"
26,1,"adult","inf",0.451,"o",TRUE,"26_inf_o","0","0.47"
27,1,"adult","cd",3.404,"bal",TRUE,"27_cd_bal","0","3.40"
27,1,"adult","cd",3.404,"bal",TRUE,"27_cd_bal","0","3.40"
27,1,"adult","cd",0.331,"bic",TRUE,"27_cd_bic","0","0.33"
27,1,"adult","cd",0.331,"bic",TRUE,"27_cd_bic","0","0.33"
27,1,"adult","cd",0.733,"d",TRUE,"27_cd_d","0","0.73"
27,1,"adult","cd",0.733,"d",TRUE,"27_cd_d","0","0.73"
27,1,"adult","cs",0.673,"ap",TRUE,"27_cs_ap","0","0.67"
27,1,"adult","cs",0.673,"ap",TRUE,"27_cs_ap","0","0.67"
27,1,"adult","cs",0.031,"ban",TRUE,"27_cs_ban","0","0.03"
27,1,"adult","cs",0.031,"ban",TRUE,"27_cs_ban","0","0.03"
27,1,"adult","cs",0.909,"car",TRUE,"27_cs_car","0","0.90"
27,1,"adult","cs",0.909,"car",TRUE,"27_cs_car","0","0.90"
27,1,"adult","cs",0.006,"tr",TRUE,"27_cs_tr","0","0.00"
27,1,"adult","cs",0.006,"tr",TRUE,"27_cs_tr","0","0.00"
27,1,"adult","inf",1.431,"carrot",TRUE,"27_inf_carrot","0","1.43"
27,1,"adult","inf",1.431,"carrot",TRUE,"27_inf_carrot","0","1.43"
27,1,"adult","inf",0.182,"tb",TRUE,"27_inf_tb","0","0.17"
27,1,"adult","inf",0.182,"tb",TRUE,"27_inf_tb","0","0.17"
28,1,"adult","cs",0.447,"ban",TRUE,"28_cs_ban","0","0.43"
28,1,"adult","cs",0.447,"ban",TRUE,"28_cs_ban","0","0.43"
28,1,"adult","cs",0.006,"bic",TRUE,"28_cs_bic","0","0.00"
28,1,"adult","cs",0.006,"bic",TRUE,"28_cs_bic","0","0.00"
28,1,"adult","cs",0.65,"tb",TRUE,"28_cs_tb","0","0.67"
28,1,"adult","cs",0.65,"tb",TRUE,"28_cs_tb","0","0.67"
28,1,"adult","inf",0.79,"ap",TRUE,"28_inf_ap","0","0.80"
28,1,"adult","inf",0.79,"ap",TRUE,"28_inf_ap","0","0.80"
28,1,"adult","inf",0.12,"car",TRUE,"28_inf_car","0","0.13"
28,1,"adult","inf",0.12,"car",TRUE,"28_inf_car","0","0.13"
29,1,"adult","cd",0.396,"car",TRUE,"29_cd_car","0","0.40"
29,1,"adult","cd",0.396,"car",TRUE,"29_cd_car","0","0.40"
29,1,"adult","cd",0.45,"tb",TRUE,"29_cd_tb","0","0.47"
29,1,"adult","cd",0.45,"tb",TRUE,"29_cd_tb","0","0.47"
29,1,"adult","cd",0.481,"tr",TRUE,"29_cd_tr","0","0.47"
29,1,"adult","cd",0.481,"tr",TRUE,"29_cd_tr","0","0.47"
29,1,"adult","cs",0.954,"bal",TRUE,"29_cs_bal","0","0.97"
29,1,"adult","cs",0.954,"bal",TRUE,"29_cs_bal","0","0.97"
29,1,"adult","cs",0.029,"car",TRUE,"29_cs_car","0","0.03"
29,1,"adult","cs",0.063,"tb",TRUE,"29_cs_tb","0","0.07"
29,1,"adult","cs",0.063,"tb",TRUE,"29_cs_tb","0","0.07"
29,1,"adult","cs",0.376,"tr",TRUE,"29_cs_tr","0","0.37"
29,1,"adult","cs",0.376,"tr",TRUE,"29_cs_tr","0","0.37"
29,1,"adult","inf",0.373,"bal",TRUE,"29_inf_bal","0","0.37"
29,1,"adult","inf",0.373,"bal",TRUE,"29_inf_bal","0","0.37"
29,1,"adult","inf",0.822,"ban",TRUE,"29_inf_ban","0","0.83"
29,1,"adult","inf",0.822,"ban",TRUE,"29_inf_ban","0","0.83"
29,1,"adult","inf",0.312,"d",TRUE,"29_inf_d","0","0.30"
29,1,"adult","inf",0.312,"d",TRUE,"29_inf_d","0","0.30"
3,1,"2","cd",0.208,"d",TRUE,"3_cd_d","0","0.20"
3,1,"2","cd",0.208,"d",TRUE,"3_cd_d","0","0.20"
3,1,"2","cs",0.881,"ban",TRUE,"3_cs_ban","0","0.87"
3,1,"2","cs",0.881,"ban",TRUE,"3_cs_ban","0","0.87"
3,1,"2","inf",1.82,"car",TRUE,"3_inf_car","0","1.83"
3,1,"2","inf",1.82,"car",TRUE,"3_inf_car","0","1.83"
30,1,"3","cd",0.517,"d",TRUE,"30_cd_d","0","0.53"
30,1,"3","cd",0.517,"d",TRUE,"30_cd_d","0","0.53"
30,1,"3","cs",0.726,"cat",TRUE,"30_cs_cat","0","0.73"
30,1,"3","cs",0.726,"cat",TRUE,"30_cs_cat","0","0.73"
30,1,"3","inf",0.257,"ap",TRUE,"30_inf_ap","0","0.27"
30,1,"3","inf",0.257,"ap",TRUE,"30_inf_ap","0","0.27"
30,1,"3","inf",0.145,"car",TRUE,"30_inf_car","0","0.13"
30,1,"3","inf",0.145,"car",TRUE,"30_inf_car","0","0.13"
31,1,"3","cs",0.74,"ap",TRUE,"31_cs_ap","0","0.73"
31,1,"3","cs",0.74,"ap",TRUE,"31_cs_ap","0","0.73"
31,1,"3","cs",0.74,"ap",TRUE,"31_cs_ap","0","0.73"
31,1,"3","cs",0.74,"ap",TRUE,"31_cs_ap","0","0.73"
31,1,"3","cs",0.796,"f",TRUE,"31_cs_f","0","0.80"
31,1,"3","cs",0.796,"f",TRUE,"31_cs_f","0","0.80"
31,1,"3","inf",0.504,"d",TRUE,"31_inf_d","0","0.50"
31,1,"3","inf",0.504,"d",TRUE,"31_inf_d","0","0.50"
32,1,"2","cd",0.876,"carrot",TRUE,"32_cd_carrot","0","0.87"
32,1,"2","cd",0.876,"carrot",TRUE,"32_cd_carrot","0","0.87"
32,1,"2","cs",0.637,"car",TRUE,"32_cs_car","0","0.63"
32,1,"2","cs",0.637,"car",TRUE,"32_cs_car","0","0.63"
32,1,"2","cs",1.08,"tb",TRUE,"32_cs_tb","0","1.07"
32,1,"2","cs",1.08,"tb",TRUE,"32_cs_tb","0","1.07"
32,1,"2","inf",0.198,"bal",TRUE,"32_inf_bal","0","0.20"
32,1,"2","inf",0.198,"bal",TRUE,"32_inf_bal","0","0.20"
32,1,"2","inf",3.087,"d",TRUE,"32_inf_d","0","3.10"
32,1,"2","inf",3.087,"d",TRUE,"32_inf_d","0","3.10"
32,1,"2","inf",2.285,"f",TRUE,"32_inf_f","0","2.30"
32,1,"2","inf",2.285,"f",TRUE,"32_inf_f","0","2.30"
33,1,"4","cs",0.06,"cat",TRUE,"33_cs_cat","0","0.07"
33,1,"4","cs",0.06,"cat",TRUE,"33_cs_cat","0","0.07"
33,1,"4","inf",0.279,"car",TRUE,"33_inf_car","0","0.27"
33,1,"4","inf",0.279,"car",TRUE,"33_inf_car","0","0.27"
34,1,"4","cd",0.654,"bal",TRUE,"34_cd_bal","0","0.67"
34,1,"4","cd",0.654,"bal",TRUE,"34_cd_bal","0","0.67"
34,1,"4","cs",0.031,"bal",TRUE,"34_cs_bal","0","0.03"
34,1,"4","cs",0.031,"bal",TRUE,"34_cs_bal","0","0.03"
34,1,"4","cs",0.464,"bic",TRUE,"34_cs_bic","0","0.47"
34,1,"4","cs",0.464,"bic",TRUE,"34_cs_bic","0","0.47"
34,1,"4","cs",0.118,"cat",TRUE,"34_cs_cat","0","0.13"
34,1,"4","cs",0.118,"cat",TRUE,"34_cs_cat","0","0.13"
34,1,"4","inf",0.323,"ap",TRUE,"34_inf_ap","0","0.33"
34,1,"4","inf",0.323,"ap",TRUE,"34_inf_ap","0","0.33"
34,1,"4","inf",0.507,"tb",TRUE,"34_inf_tb","0","0.50"
34,1,"4","inf",0.507,"tb",TRUE,"34_inf_tb","0","0.50"
35,1,"2","cd",0.336,"ap",TRUE,"35_cd_ap","0","0.33"
35,1,"2","cd",0.336,"ap",TRUE,"35_cd_ap","0","0.33"
35,1,"2","cd",0.921,"car",TRUE,"35_cd_car","0","0.93"
35,1,"2","cd",0.921,"car",TRUE,"35_cd_car","0","0.93"
35,1,"2","cd",0.443,"carrot",TRUE,"35_cd_carrot","0","0.43"
35,1,"2","cd",0.443,"carrot",TRUE,"35_cd_carrot","0","0.43"
35,1,"2","cd",0.742,"cat",TRUE,"35_cd_cat","0","0.73"
35,1,"2","cd",0.742,"cat",TRUE,"35_cd_cat","0","0.73"
35,1,"2","cs",1.72,"car",TRUE,"35_cs_car","0","1.73"
35,1,"2","cs",1.72,"car",TRUE,"35_cs_car","0","1.73"
35,1,"2","cs",1.213,"f",TRUE,"35_cs_f","0","1.20"
35,1,"2","cs",1.213,"f",TRUE,"35_cs_f","0","1.20"
35,1,"2","cs",0.493,"tr",TRUE,"35_cs_tr","0","0.50"
35,1,"2","cs",0.493,"tr",TRUE,"35_cs_tr","0","0.50"
35,1,"2","inf",0.468,"f",TRUE,"35_inf_f","0","0.47"
35,1,"2","inf",0.468,"f",TRUE,"35_inf_f","0","0.47"
36,1,"3","cd",0.6,"d",TRUE,"36_cd_d","0","0.60"
36,1,"3","cd",0.6,"d",TRUE,"36_cd_d","0","0.60"
36,1,"3","cd",0.343,"o",TRUE,"36_cd_o","0","0.33"
36,1,"3","cd",0.343,"o",TRUE,"36_cd_o","0","0.33"
36,1,"3","cs",1.459,"car",TRUE,"36_cs_car","0","1.47"
36,1,"3","cs",1.459,"car",TRUE,"36_cs_car","0","1.47"
36,1,"3","cs",0.506,"tr",TRUE,"36_cs_tr","0","0.50"
36,1,"3","cs",0.506,"tr",TRUE,"36_cs_tr","0","0.50"
36,1,"3","inf",1.279,"car",TRUE,"36_inf_car","0","1.27"
36,1,"3","inf",1.279,"car",TRUE,"36_inf_car","0","1.27"
36,1,"3","inf",2.282,"tb",TRUE,"36_inf_tb","0","2.27"
36,1,"3","inf",2.282,"tb",TRUE,"36_inf_tb","0","2.27"
37,1,"4","cd",0.318,"carrot",TRUE,"37_cd_carrot","0","0.33"
37,1,"4","cd",0.318,"carrot",TRUE,"37_cd_carrot","0","0.33"
37,1,"4","cs",0.021,"cat",TRUE,"37_cs_cat","0","0.03"
37,1,"4","cs",0.021,"cat",TRUE,"37_cs_cat","0","0.03"
37,1,"4","cs",0.505,"tb",TRUE,"37_cs_tb","0","0.50"
37,1,"4","cs",0.505,"tb",TRUE,"37_cs_tb","0","0.50"
37,1,"4","inf",3.331,"bic",TRUE,"37_inf_bic","0","3.33"
37,1,"4","inf",3.331,"bic",TRUE,"37_inf_bic","0","3.33"
37,1,"4","inf",1.951,"f",TRUE,"37_inf_f","0","1.97"
37,1,"4","inf",1.951,"f",TRUE,"37_inf_f","0","1.97"
38,1,"3","cs",0.264,"ban",TRUE,"38_cs_ban","0","0.27"
38,1,"3","cs",0.264,"ban",TRUE,"38_cs_ban","0","0.27"
38,1,"3","cs",0.285,"cat",TRUE,"38_cs_cat","0","0.30"
38,1,"3","cs",0.285,"cat",TRUE,"38_cs_cat","0","0.30"
38,1,"3","cs",0.416,"o",TRUE,"38_cs_o","0","0.40"
38,1,"3","cs",0.416,"o",TRUE,"38_cs_o","0","0.40"
38,1,"3","cs",1.141,"tb",TRUE,"38_cs_tb","0","1.13"
38,1,"3","cs",1.141,"tb",TRUE,"38_cs_tb","0","1.13"
38,1,"3","cs",0.272,"tr",TRUE,"38_cs_tr","0","0.27"
38,1,"3","cs",0.272,"tr",TRUE,"38_cs_tr","0","0.27"
38,1,"3","inf",0.507,"ap",TRUE,"38_inf_ap","0","0.50"
38,1,"3","inf",0.507,"ap",TRUE,"38_inf_ap","0","0.50"
39,1,"2","cd",1.292,"d",TRUE,"39_cd_d","0","1.30"
39,1,"2","cd",1.292,"d",TRUE,"39_cd_d","0","1.30"
39,1,"2","cs",1.14,"bal",TRUE,"39_cs_bal","0","1.13"
39,1,"2","cs",1.14,"bal",TRUE,"39_cs_bal","0","1.13"
39,1,"2","cs",1.372,"tr",TRUE,"39_cs_tr","0","1.37"
39,1,"2","cs",1.372,"tr",TRUE,"39_cs_tr","0","1.37"
39,1,"2","inf",1.587,"car",TRUE,"39_inf_car","0","1.60"
39,1,"2","inf",1.587,"car",TRUE,"39_inf_car","0","1.60"
4,1,"3","inf",0.831,"carrot",TRUE,"4_inf_carrot","0","0.83"
4,1,"3","inf",0.831,"carrot",TRUE,"4_inf_carrot","0","0.83"
4,1,"3","inf",0.507,"tb",TRUE,"4_inf_tb","0","0.50"
4,1,"3","inf",0.507,"tb",TRUE,"4_inf_tb","0","0.50"
40,1,"4","cd",1.046,"car",TRUE,"40_cd_car","0","1.03"
40,1,"4","cd",1.046,"car",TRUE,"40_cd_car","0","1.03"
40,1,"4","cs",0.463,"cat",TRUE,"40_cs_cat","0","0.47"
40,1,"4","cs",0.463,"cat",TRUE,"40_cs_cat","0","0.47"
40,1,"4","cs",0.551,"o",TRUE,"40_cs_o","0","0.57"
40,1,"4","cs",0.551,"o",TRUE,"40_cs_o","0","0.57"
40,1,"4","inf",0.187,"d",TRUE,"40_inf_d","0","0.20"
40,1,"4","inf",0.187,"d",TRUE,"40_inf_d","0","0.20"
41,1,"4","cd",0.393,"carrot",TRUE,"41_cd_carrot","0","0.40"
41,1,"4","cd",0.393,"carrot",TRUE,"41_cd_carrot","0","0.40"
41,1,"4","cs",0.14,"ap",TRUE,"41_cs_ap","0","0.13"
41,1,"4","cs",0.14,"ap",TRUE,"41_cs_ap","0","0.13"
41,1,"4","cs",0.313,"ban",TRUE,"41_cs_ban","0","0.30"
41,1,"4","cs",0.313,"ban",TRUE,"41_cs_ban","0","0.30"
41,1,"4","cs",0.329,"car",TRUE,"41_cs_car","0","0.33"
41,1,"4","cs",0.329,"car",TRUE,"41_cs_car","0","0.33"
41,1,"4","cs",0.788,"f",TRUE,"41_cs_f","0","0.80"
41,1,"4","cs",0.788,"f",TRUE,"41_cs_f","0","0.80"
41,1,"4","cs",1.36,"tr",TRUE,"41_cs_tr","0","1.37"
41,1,"4","cs",1.36,"tr",TRUE,"41_cs_tr","0","1.37"
41,1,"4","inf",0.265,"bal",TRUE,"41_inf_bal","0","0.27"
41,1,"4","inf",0.265,"bal",TRUE,"41_inf_bal","0","0.27"
41,1,"4","inf",0.979,"d",TRUE,"41_inf_d","0","0.97"
41,1,"4","inf",0.979,"d",TRUE,"41_inf_d","0","0.97"
41,1,"4","inf",0.526,"f",TRUE,"41_inf_f","0","0.53"
41,1,"4","inf",0.526,"f",TRUE,"41_inf_f","0","0.53"
42,1,"4","cd",0.321,"bal",TRUE,"42_cd_bal","0","0.33"
42,1,"4","cd",0.321,"bal",TRUE,"42_cd_bal","0","0.33"
42,1,"4","cs",0.556,"ban",TRUE,"42_cs_ban","0","0.57"
42,1,"4","cs",0.556,"ban",TRUE,"42_cs_ban","0","0.57"
42,1,"4","cs",0.359,"car",TRUE,"42_cs_car","0","0.37"
42,1,"4","cs",0.359,"car",TRUE,"42_cs_car","0","0.37"
42,1,"4","cs",0.572,"tr",TRUE,"42_cs_tr","0","0.57"
42,1,"4","cs",0.572,"tr",TRUE,"42_cs_tr","0","0.57"
42,1,"4","inf",1.237,"car",TRUE,"42_inf_car","0","1.23"
42,1,"4","inf",1.237,"car",TRUE,"42_inf_car","0","1.23"
42,1,"4","inf",0.798,"carrot",TRUE,"42_inf_carrot","0","0.80"
42,1,"4","inf",0.798,"carrot",TRUE,"42_inf_carrot","0","0.80"
43,1,"3","cd",0.646,"car",TRUE,"43_cd_car","0","0.63"
43,1,"3","cd",0.646,"car",TRUE,"43_cd_car","0","0.63"
43,1,"3","cd",0.459,"cat",TRUE,"43_cd_cat","0","0.47"
43,1,"3","cd",0.459,"cat",TRUE,"43_cd_cat","0","0.47"
43,1,"3","cs",0.562,"car",TRUE,"43_cs_car","0","0.57"
43,1,"3","cs",0.562,"car",TRUE,"43_cs_car","0","0.57"
44,1,"4","cd",0.952,"f",TRUE,"44_cd_f","0","0.97"
44,1,"4","cd",0.952,"f",TRUE,"44_cd_f","0","0.97"
44,1,"4","cd",0.176,"o",TRUE,"44_cd_o","0","0.17"
44,1,"4","cd",0.176,"o",TRUE,"44_cd_o","0","0.17"
44,1,"4","cs",0.656,"ban",TRUE,"44_cs_ban","0","0.67"
44,1,"4","cs",0.656,"ban",TRUE,"44_cs_ban","0","0.67"
44,1,"4","cs",0.51,"cat",TRUE,"44_cs_cat","0","0.50"
44,1,"4","cs",0.51,"cat",TRUE,"44_cs_cat","0","0.50"
44,1,"4","cs",0.322,"tr",TRUE,"44_cs_tr","0","0.33"
44,1,"4","cs",0.322,"tr",TRUE,"44_cs_tr","0","0.33"
45,1,"3","cd",0.917,"d",TRUE,"45_cd_d","0","0.93"
45,1,"3","cd",0.917,"d",TRUE,"45_cd_d","0","0.93"
45,1,"3","cs",0.506,"bal",TRUE,"45_cs_bal","0","0.50"
45,1,"3","cs",0.506,"bal",TRUE,"45_cs_bal","0","0.50"
45,1,"3","cs",0.535,"cat",TRUE,"45_cs_cat","0","0.53"
45,1,"3","cs",0.535,"cat",TRUE,"45_cs_cat","0","0.53"
45,1,"3","cs",1.391,"tb",TRUE,"45_cs_tb","0","1.40"
45,1,"3","cs",1.391,"tb",TRUE,"45_cs_tb","0","1.40"
45,1,"3","cs",1.214,"tr",TRUE,"45_cs_tr","0","1.20"
45,1,"3","cs",1.214,"tr",TRUE,"45_cs_tr","0","1.20"
45,1,"3","inf",0.657,"ap",TRUE,"45_inf_ap","0","0.67"
45,1,"3","inf",0.657,"ap",TRUE,"45_inf_ap","0","0.67"
45,1,"3","inf",1.379,"car",TRUE,"45_inf_car","0","1.37"
45,1,"3","inf",1.379,"car",TRUE,"45_inf_car","0","1.37"
45,1,"3","inf",1.332,"tb",TRUE,"45_inf_tb","0","1.33"
45,1,"3","inf",1.332,"tb",TRUE,"45_inf_tb","0","1.33"
46,1,"5","cd",0.496,"car",TRUE,"46_cd_car","0","0.50"
46,1,"5","cd",0.496,"car",TRUE,"46_cd_car","0","0.50"
46,1,"5","cs",0.548,"ap",TRUE,"46_cs_ap","0","0.53"
46,1,"5","cs",0.548,"ap",TRUE,"46_cs_ap","0","0.53"
46,1,"5","cs",0.988,"ban",TRUE,"46_cs_ban","0","1.00"
46,1,"5","cs",0.988,"ban",TRUE,"46_cs_ban","0","1.00"
46,1,"5","cs",0.47,"car",TRUE,"46_cs_car","0","0.47"
46,1,"5","cs",0.47,"car",TRUE,"46_cs_car","0","0.47"
46,1,"5","cs",0.496,"cat",TRUE,"46_cs_cat","0","0.50"
46,1,"5","cs",0.496,"cat",TRUE,"46_cs_cat","0","0.50"
46,1,"5","cs",0.468,"o",TRUE,"46_cs_o","0","0.47"
46,1,"5","cs",0.468,"o",TRUE,"46_cs_o","0","0.47"
46,1,"5","inf",0.501,"f",TRUE,"46_inf_f","0","0.50"
46,1,"5","inf",0.501,"f",TRUE,"46_inf_f","0","0.50"
47,1,"5","cs",0.614,"ban",TRUE,"47_cs_ban","0","0.60"
47,1,"5","cs",0.614,"ban",TRUE,"47_cs_ban","0","0.60"
47,1,"5","cs",0.414,"bic",TRUE,"47_cs_bic","0","0.40"
47,1,"5","cs",0.414,"bic",TRUE,"47_cs_bic","0","0.40"
47,1,"5","cs",0.616,"o",TRUE,"47_cs_o","0","0.60"
47,1,"5","cs",0.616,"o",TRUE,"47_cs_o","0","0.60"
47,1,"5","inf",2.032,"ap",TRUE,"47_inf_ap","0","2.03"
47,1,"5","inf",2.032,"ap",TRUE,"47_inf_ap","0","2.03"
47,1,"5","inf",0.949,"tb",TRUE,"47_inf_tb","0","0.93"
47,1,"5","inf",0.949,"tb",TRUE,"47_inf_tb","0","0.93"
48,1,"2","cd",0.459,"carrot",TRUE,"48_cd_carrot","0","0.47"
48,1,"2","cd",0.459,"carrot",TRUE,"48_cd_carrot","0","0.47"
48,1,"2","cs",0.163,"ban",TRUE,"48_cs_ban","0","0.17"
48,1,"2","cs",0.163,"ban",TRUE,"48_cs_ban","0","0.17"
48,1,"2","cs",0.17,"car",TRUE,"48_cs_car","0","0.17"
48,1,"2","cs",0.17,"car",TRUE,"48_cs_car","0","0.17"
48,1,"2","cs",0.513,"cat",TRUE,"48_cs_cat","0","0.50"
48,1,"2","cs",0.513,"cat",TRUE,"48_cs_cat","0","0.50"
48,1,"2","cs",0.796,"f",TRUE,"48_cs_f","0","0.80"
48,1,"2","cs",0.796,"f",TRUE,"48_cs_f","0","0.80"
48,1,"2","cs",0.471,"tb",TRUE,"48_cs_tb","0","0.47"
48,1,"2","cs",0.471,"tb",TRUE,"48_cs_tb","0","0.47"
48,1,"2","inf",0.898,"bic",TRUE,"48_inf_bic","0","0.90"
48,1,"2","inf",0.898,"bic",TRUE,"48_inf_bic","0","0.90"
48,1,"2","inf",1.362,"d",TRUE,"48_inf_d","0","1.37"
48,1,"2","inf",1.362,"d",TRUE,"48_inf_d","0","1.37"
48,1,"2","inf",1.143,"f",TRUE,"48_inf_f","0","1.13"
48,1,"2","inf",1.143,"f",TRUE,"48_inf_f","0","1.13"
49,1,"4","cs",0.02,"car",TRUE,"49_cs_car","0","0.03"
49,1,"4","cs",0.02,"car",TRUE,"49_cs_car","0","0.03"
49,1,"4","cs",0.479,"cat",TRUE,"49_cs_cat","0","0.47"
49,1,"4","cs",0.479,"cat",TRUE,"49_cs_cat","0","0.47"
49,1,"4","cs",0.518,"o",TRUE,"49_cs_o","0","0.53"
49,1,"4","cs",0.518,"o",TRUE,"49_cs_o","0","0.53"
5,1,"4","cd",0.036,"ap",TRUE,"5_cd_ap","0","0.03"
5,1,"4","cd",0.036,"ap",TRUE,"5_cd_ap","0","0.03"
5,1,"4","cs",0.688,"cat",TRUE,"5_cs_cat","0","0.70"
5,1,"4","cs",0.688,"cat",TRUE,"5_cs_cat","0","0.70"
5,1,"4","cs",1.334,"o",TRUE,"5_cs_o","0","1.33"
5,1,"4","cs",1.334,"o",TRUE,"5_cs_o","0","1.33"
5,1,"4","cs",0.38,"tb",TRUE,"5_cs_tb","0","0.37"
5,1,"4","cs",0.38,"tb",TRUE,"5_cs_tb","0","0.37"
5,1,"4","cs",0.051,"tr",TRUE,"5_cs_tr","0","0.07"
5,1,"4","cs",0.051,"tr",TRUE,"5_cs_tr","0","0.07"
5,1,"4","inf",0.306,"bal",TRUE,"5_inf_bal","0","0.30"
5,1,"4","inf",0.306,"bal",TRUE,"5_inf_bal","0","0.30"
5,1,"4","inf",1.098,"bic",TRUE,"5_inf_bic","0","1.10"
5,1,"4","inf",1.098,"bic",TRUE,"5_inf_bic","0","1.10"
5,1,"4","inf",0.395,"d",TRUE,"5_inf_d","0","0.40"
5,1,"4","inf",0.395,"d",TRUE,"5_inf_d","0","0.40"
5,1,"4","inf",0.91,"f",TRUE,"5_inf_f","0","0.90"
5,1,"4","inf",0.91,"f",TRUE,"5_inf_f","0","0.90"
50,1,"4","cs",0.714,"ban",TRUE,"50_cs_ban","0","0.70"
50,1,"4","cs",0.714,"ban",TRUE,"50_cs_ban","0","0.70"
50,1,"4","cs",0.664,"bic",TRUE,"50_cs_bic","0","0.67"
50,1,"4","cs",0.664,"bic",TRUE,"50_cs_bic","0","0.67"
50,1,"4","cs",0.497,"tr",TRUE,"50_cs_tr","0","0.50"
50,1,"4","cs",0.497,"tr",TRUE,"50_cs_tr","0","0.50"
50,1,"4","inf",0.181,"carrot",TRUE,"50_inf_carrot","0","0.17"
50,1,"4","inf",0.181,"carrot",TRUE,"50_inf_carrot","0","0.17"
51,1,"3","cs",0.796,"tb",TRUE,"51_cs_tb","0","0.80"
51,1,"3","cs",0.796,"tb",TRUE,"51_cs_tb","0","0.80"
51,1,"3","inf",2.298,"bal",TRUE,"51_inf_bal","0","2.30"
51,1,"3","inf",2.298,"bal",TRUE,"51_inf_bal","0","2.30"
52,1,"4","cs",0.659,"car",TRUE,"52_cs_car","0","0.67"
52,1,"4","cs",0.659,"car",TRUE,"52_cs_car","0","0.67"
52,1,"4","cs",0.585,"cat",TRUE,"52_cs_cat","0","0.60"
52,1,"4","cs",0.585,"cat",TRUE,"52_cs_cat","0","0.60"
52,1,"4","cs",0.758,"tb",TRUE,"52_cs_tb","0","0.77"
52,1,"4","cs",0.758,"tb",TRUE,"52_cs_tb","0","0.77"
52,1,"4","inf",2.465,"ap",TRUE,"52_inf_ap","0","2.47"
52,1,"4","inf",2.465,"ap",TRUE,"52_inf_ap","0","2.47"
52,1,"4","inf",1.212,"car",TRUE,"52_inf_car","0","1.20"
52,1,"4","inf",1.212,"car",TRUE,"52_inf_car","0","1.20"
52,1,"4","inf",2.332,"tb",TRUE,"52_inf_tb","0","2.33"
52,1,"4","inf",2.332,"tb",TRUE,"52_inf_tb","0","2.33"
53,1,"3","cs",0.654,"car",TRUE,"53_cs_car","0","0.67"
53,1,"3","cs",0.654,"car",TRUE,"53_cs_car","0","0.67"
53,1,"3","cs",0.43,"f",TRUE,"53_cs_f","0","0.43"
53,1,"3","cs",0.43,"f",TRUE,"53_cs_f","0","0.43"
53,1,"3","cs",0.618,"o",TRUE,"53_cs_o","0","0.63"
53,1,"3","cs",0.618,"o",TRUE,"53_cs_o","0","0.63"
53,1,"3","cs",0.318,"tr",TRUE,"53_cs_tr","0","0.33"
53,1,"3","cs",0.318,"tr",TRUE,"53_cs_tr","0","0.33"
53,1,"3","inf",1.398,"bal",TRUE,"53_inf_bal","0","1.40"
53,1,"3","inf",1.398,"bal",TRUE,"53_inf_bal","0","1.40"
53,1,"3","inf",0.614,"bic",TRUE,"53_inf_bic","0","0.60"
53,1,"3","inf",0.614,"bic",TRUE,"53_inf_bic","0","0.60"
54,1,"2","cd",1.212,"bal",TRUE,"54_cd_bal","0","1.20"
54,1,"2","cd",1.212,"bal",TRUE,"54_cd_bal","0","1.20"
54,1,"2","cs",0.422,"bic",TRUE,"54_cs_bic","0","0.43"
54,1,"2","cs",0.422,"bic",TRUE,"54_cs_bic","0","0.43"
54,1,"2","cs",2.693,"cat",TRUE,"54_cs_cat","0","2.70"
54,1,"2","cs",2.693,"cat",TRUE,"54_cs_cat","0","2.70"
54,1,"2","cs",0.622,"tr",TRUE,"54_cs_tr","0","0.63"
54,1,"2","cs",0.622,"tr",TRUE,"54_cs_tr","0","0.63"
54,1,"2","inf",1.123,"ap",TRUE,"54_inf_ap","0","1.13"
54,1,"2","inf",1.123,"ap",TRUE,"54_inf_ap","0","1.13"
54,1,"2","inf",2.062,"car",TRUE,"54_inf_car","0","2.07"
54,1,"2","inf",2.062,"car",TRUE,"54_inf_car","0","2.07"
54,1,"2","inf",0.024,"tb",TRUE,"54_inf_tb","0","0.03"
54,1,"2","inf",0.024,"tb",TRUE,"54_inf_tb","0","0.03"
55,1,"3","cd",0.487,"car",TRUE,"55_cd_car","0","0.50"
55,1,"3","cd",0.487,"car",TRUE,"55_cd_car","0","0.50"
55,1,"3","cd",0.426,"carrot",TRUE,"55_cd_carrot","0","0.43"
55,1,"3","cd",0.426,"carrot",TRUE,"55_cd_carrot","0","0.43"
55,1,"3","cs",0.329,"cat",TRUE,"55_cs_cat","0","0.33"
55,1,"3","cs",0.329,"cat",TRUE,"55_cs_cat","0","0.33"
55,1,"3","inf",0.437,"d",TRUE,"55_inf_d","0","0.43"
55,1,"3","inf",0.437,"d",TRUE,"55_inf_d","0","0.43"
56,1,"5","cd",0.479,"car",TRUE,"56_cd_car","0","0.47"
56,1,"5","cd",0.479,"car",TRUE,"56_cd_car","0","0.47"
56,1,"5","cd",0.384,"carrot",TRUE,"56_cd_carrot","0","0.40"
56,1,"5","cd",0.384,"carrot",TRUE,"56_cd_carrot","0","0.40"
56,1,"5","cs",0.071,"ban",TRUE,"56_cs_ban","0","0.07"
56,1,"5","cs",0.071,"ban",TRUE,"56_cs_ban","0","0.07"
56,1,"5","cs",0.53,"f",TRUE,"56_cs_f","0","0.53"
56,1,"5","cs",0.53,"f",TRUE,"56_cs_f","0","0.53"
56,1,"5","inf",1.012,"d",TRUE,"56_inf_d","0","1.00"
56,1,"5","inf",1.012,"d",TRUE,"56_inf_d","0","1.00"
56,1,"5","inf",0.61,"f",TRUE,"56_inf_f","0","0.60"
56,1,"5","inf",0.61,"f",TRUE,"56_inf_f","0","0.60"
57,1,"2","cd",1.084,"carrot",TRUE,"57_cd_carrot","0","1.10"
57,1,"2","cd",1.084,"carrot",TRUE,"57_cd_carrot","0","1.10"
57,1,"2","cs",0.038,"ban",TRUE,"57_cs_ban","0","0.03"
57,1,"2","cs",0.038,"ban",TRUE,"57_cs_ban","0","0.03"
57,1,"2","cs",0.554,"cat",TRUE,"57_cs_cat","0","0.57"
57,1,"2","cs",0.554,"cat",TRUE,"57_cs_cat","0","0.57"
57,1,"2","inf",1.139,"bic",TRUE,"57_inf_bic","0","1.13"
57,1,"2","inf",1.139,"bic",TRUE,"57_inf_bic","0","1.13"
57,1,"2","inf",1.385,"f",TRUE,"57_inf_f","0","1.40"
57,1,"2","inf",1.385,"f",TRUE,"57_inf_f","0","1.40"
58,1,"3","cd",0.393,"carrot",TRUE,"58_cd_carrot","0","0.40"
58,1,"3","cd",0.393,"carrot",TRUE,"58_cd_carrot","0","0.40"
58,1,"3","cd",0.717,"cat",TRUE,"58_cd_cat","0","0.73"
58,1,"3","cd",0.717,"cat",TRUE,"58_cd_cat","0","0.73"
58,1,"3","cs",0.621,"ban",TRUE,"58_cs_ban","0","0.63"
58,1,"3","cs",0.621,"ban",TRUE,"58_cs_ban","0","0.63"
58,1,"3","cs",0.712,"car",TRUE,"58_cs_car","0","0.70"
58,1,"3","cs",0.712,"car",TRUE,"58_cs_car","0","0.70"
58,1,"3","cs",0.513,"cat",TRUE,"58_cs_cat","0","0.50"
58,1,"3","cs",0.513,"cat",TRUE,"58_cs_cat","0","0.50"
58,1,"3","cs",1.01,"tr",TRUE,"58_cs_tr","0","1.00"
58,1,"3","cs",1.01,"tr",TRUE,"58_cs_tr","0","1.00"
58,1,"3","inf",2.254,"d",TRUE,"58_inf_d","0","2.27"
58,1,"3","inf",2.254,"d",TRUE,"58_inf_d","0","2.27"
58,1,"3","inf",0.26,"f",TRUE,"58_inf_f","0","0.27"
58,1,"3","inf",0.26,"f",TRUE,"58_inf_f","0","0.27"
59,1,"4","cd",0.608,"d",TRUE,"59_cd_d","0","0.60"
59,1,"4","cd",0.608,"d",TRUE,"59_cd_d","0","0.60"
59,1,"4","cs",0.543,"cat",TRUE,"59_cs_cat","0","0.53"
59,1,"4","cs",0.543,"cat",TRUE,"59_cs_cat","0","0.53"
59,1,"4","inf",0.462,"car",TRUE,"59_inf_car","0","0.47"
59,1,"4","inf",0.462,"car",TRUE,"59_inf_car","0","0.47"
59,1,"4","inf",1.357,"tb",TRUE,"59_inf_tb","0","1.37"
59,1,"4","inf",1.357,"tb",TRUE,"59_inf_tb","0","1.37"
6,1,"2","cd",0.127,"f",TRUE,"6_cd_f","0","0.13"
6,1,"2","cd",0.127,"f",TRUE,"6_cd_f","0","0.13"
6,1,"2","cs",2.558,"tb",TRUE,"6_cs_tb","0","2.57"
6,1,"2","cs",2.558,"tb",TRUE,"6_cs_tb","0","2.57"
6,1,"2","cs",1.347,"tr",TRUE,"6_cs_tr","0","1.33"
6,1,"2","cs",1.347,"tr",TRUE,"6_cs_tr","0","1.33"
6,1,"2","inf",0.149,"tb",TRUE,"6_inf_tb","0","0.13"
6,1,"2","inf",0.149,"tb",TRUE,"6_inf_tb","0","0.13"
60,1,"adult","cd",0.628,"ap",TRUE,"60_cd_ap","0","0.63"
60,1,"adult","cd",0.628,"ap",TRUE,"60_cd_ap","0","0.63"
60,1,"adult","cd",0.346,"car",TRUE,"60_cd_car","0","0.33"
60,1,"adult","cd",0.346,"car",TRUE,"60_cd_car","0","0.33"
60,1,"adult","cd",0.043,"carrot",TRUE,"60_cd_carrot","0","0.03"
60,1,"adult","cd",0.043,"carrot",TRUE,"60_cd_carrot","0","0.03"
60,1,"adult","cd",0.584,"cat",TRUE,"60_cd_cat","0","0.60"
60,1,"adult","cd",0.584,"cat",TRUE,"60_cd_cat","0","0.60"
60,1,"adult","cd",0.308,"tb",TRUE,"60_cd_tb","0","0.30"
60,1,"adult","cd",0.308,"tb",TRUE,"60_cd_tb","0","0.30"
60,1,"adult","cd",0.256,"tr",TRUE,"60_cd_tr","0","0.27"
60,1,"adult","cd",0.256,"tr",TRUE,"60_cd_tr","0","0.27"
60,1,"adult","cs",0.17,"car",TRUE,"60_cs_car","0","0.17"
60,1,"adult","cs",0.17,"car",TRUE,"60_cs_car","0","0.17"
60,1,"adult","cs",0.68,"f",TRUE,"60_cs_f","0","0.67"
60,1,"adult","cs",0.68,"f",TRUE,"60_cs_f","0","0.67"
60,1,"adult","inf",0.523,"bal",TRUE,"60_inf_bal","0","0.53"
60,1,"adult","inf",0.523,"bal",TRUE,"60_inf_bal","0","0.53"
60,1,"adult","inf",0.454,"d",TRUE,"60_inf_d","0","0.47"
60,1,"adult","inf",0.454,"d",TRUE,"60_inf_d","0","0.47"
60,1,"adult","inf",0.809,"o",TRUE,"60_inf_o","0","0.80"
60,1,"adult","inf",0.809,"o",TRUE,"60_inf_o","0","0.80"
61,1,"3","cs",1.035,"cat",TRUE,"61_cs_cat","0","1.03"
61,1,"3","cs",1.035,"cat",TRUE,"61_cs_cat","0","1.03"
61,1,"3","cs",0.539,"tr",TRUE,"61_cs_tr","0","0.53"
61,1,"3","cs",0.539,"tr",TRUE,"61_cs_tr","0","0.53"
61,1,"3","inf",0.923,"ap",TRUE,"61_inf_ap","0","0.93"
61,1,"3","inf",0.923,"ap",TRUE,"61_inf_ap","0","0.93"
61,1,"3","inf",1.59,"carrot",TRUE,"61_inf_carrot","0","1.60"
61,1,"3","inf",1.59,"carrot",TRUE,"61_inf_carrot","0","1.60"
62,1,"3","cd",0.377,"f",TRUE,"62_cd_f","0","0.37"
62,1,"3","cd",0.377,"f",TRUE,"62_cd_f","0","0.37"
62,1,"3","cs",0.025,"o",TRUE,"62_cs_o","0","0.03"
62,1,"3","cs",0.025,"o",TRUE,"62_cs_o","0","0.03"
62,1,"3","inf",0.537,"car",TRUE,"62_inf_car","0","0.53"
62,1,"3","inf",0.537,"car",TRUE,"62_inf_car","0","0.53"
63,1,"3","cd",0.521,"car",TRUE,"63_cd_car","0","0.53"
63,1,"3","cd",0.521,"car",TRUE,"63_cd_car","0","0.53"
63,1,"3","cd",0.467,"cat",TRUE,"63_cd_cat","0","0.47"
63,1,"3","cd",0.467,"cat",TRUE,"63_cd_cat","0","0.47"
63,1,"3","cs",0.748,"ap",TRUE,"63_cs_ap","0","0.73"
63,1,"3","cs",0.748,"ap",TRUE,"63_cs_ap","0","0.73"
63,1,"3","cs",0.23,"ban",TRUE,"63_cs_ban","0","0.23"
63,1,"3","cs",0.23,"ban",TRUE,"63_cs_ban","0","0.23"
63,1,"3","cs",0.421,"f",TRUE,"63_cs_f","0","0.43"
63,1,"3","cs",0.421,"f",TRUE,"63_cs_f","0","0.43"
63,1,"3","cs",0.421,"tb",TRUE,"63_cs_tb","0","0.43"
63,1,"3","cs",0.421,"tb",TRUE,"63_cs_tb","0","0.43"
63,1,"3","cs",0.576,"tr",TRUE,"63_cs_tr","0","0.57"
63,1,"3","cs",0.576,"tr",TRUE,"63_cs_tr","0","0.57"
63,1,"3","inf",0.248,"bal",TRUE,"63_inf_bal","0","0.23"
63,1,"3","inf",0.248,"bal",TRUE,"63_inf_bal","0","0.23"
63,1,"3","inf",0.823,"bic",TRUE,"63_inf_bic","0","0.83"
63,1,"3","inf",0.823,"bic",TRUE,"63_inf_bic","0","0.83"
64,1,"3","cd",0.837,"bal",TRUE,"64_cd_bal","0","0.83"
64,1,"3","cd",0.837,"bal",TRUE,"64_cd_bal","0","0.83"
64,1,"3","cd",0.193,"o",TRUE,"64_cd_o","0","0.20"
64,1,"3","cd",0.193,"o",TRUE,"64_cd_o","0","0.20"
64,1,"3","cs",1.339,"ban",TRUE,"64_cs_ban","0","1.33"
64,1,"3","cs",1.339,"ban",TRUE,"64_cs_ban","0","1.33"
64,1,"3","cs",0.301,"car",TRUE,"64_cs_car","0","0.30"
64,1,"3","cs",0.301,"car",TRUE,"64_cs_car","0","0.30"
64,1,"3","cs",0.725,"tb",TRUE,"64_cs_tb","0","0.73"
64,1,"3","cs",0.725,"tb",TRUE,"64_cs_tb","0","0.73"
64,1,"3","cs",0.697,"tr",TRUE,"64_cs_tr","0","0.70"
64,1,"3","cs",0.697,"tr",TRUE,"64_cs_tr","0","0.70"
64,1,"3","inf",0.032,"ap",TRUE,"64_inf_ap","0","0.03"
64,1,"3","inf",0.032,"ap",TRUE,"64_inf_ap","0","0.03"
64,1,"3","inf",0.912,"car",TRUE,"64_inf_car","0","0.90"
64,1,"3","inf",0.912,"car",TRUE,"64_inf_car","0","0.90"
65,1,"4","cd",0.345,"ap",TRUE,"65_cd_ap","0","0.33"
65,1,"4","cd",0.345,"ap",TRUE,"65_cd_ap","0","0.33"
65,1,"4","cd",0.471,"car",TRUE,"65_cd_car","0","0.47"
65,1,"4","cd",0.471,"car",TRUE,"65_cd_car","0","0.47"
65,1,"4","cs",0.688,"f",TRUE,"65_cs_f","0","0.70"
65,1,"4","cs",0.688,"f",TRUE,"65_cs_f","0","0.70"
65,1,"4","cs",0.534,"o",TRUE,"65_cs_o","0","0.53"
65,1,"4","cs",0.534,"o",TRUE,"65_cs_o","0","0.53"
65,1,"4","cs",0.963,"tb",TRUE,"65_cs_tb","0","0.97"
65,1,"4","cs",0.963,"tb",TRUE,"65_cs_tb","0","0.97"
65,1,"4","cs",0.418,"tr",TRUE,"65_cs_tr","0","0.43"
65,1,"4","cs",0.418,"tr",TRUE,"65_cs_tr","0","0.43"
65,1,"4","inf",0.66,"f",TRUE,"65_inf_f","0","0.67"
65,1,"4","inf",0.66,"f",TRUE,"65_inf_f","0","0.67"
66,1,"3","cs",0.693,"o",TRUE,"66_cs_o","0","0.70"
66,1,"3","cs",0.693,"o",TRUE,"66_cs_o","0","0.70"
66,1,"3","cs",0.896,"tb",TRUE,"66_cs_tb","0","0.90"
66,1,"3","cs",0.896,"tb",TRUE,"66_cs_tb","0","0.90"
66,1,"3","inf",0.573,"bal",TRUE,"66_inf_bal","0","0.57"
66,1,"3","inf",0.573,"bal",TRUE,"66_inf_bal","0","0.57"
67,1,"3","cs",0.19,"bal",TRUE,"67_cs_bal","0","0.20"
67,1,"3","cs",0.19,"bal",TRUE,"67_cs_bal","0","0.20"
67,1,"3","cs",0.008,"o",TRUE,"67_cs_o","0","0.00"
67,1,"3","cs",0.008,"o",TRUE,"67_cs_o","0","0.00"
67,1,"3","cs",1.089,"tr",TRUE,"67_cs_tr","0","1.10"
67,1,"3","cs",1.089,"tr",TRUE,"67_cs_tr","0","1.10"
67,1,"3","inf",0.598,"ap",TRUE,"67_inf_ap","0","0.60"
67,1,"3","inf",0.598,"ap",TRUE,"67_inf_ap","0","0.60"
67,1,"3","inf",0.612,"car",TRUE,"67_inf_car","0","0.60"
67,1,"3","inf",0.612,"car",TRUE,"67_inf_car","0","0.60"
68,1,"5","cd",0.587,"bal",TRUE,"68_cd_bal","0","0.60"
68,1,"5","cd",0.587,"bal",TRUE,"68_cd_bal","0","0.60"
68,1,"5","cd",0.535,"f",TRUE,"68_cd_f","0","0.53"
68,1,"5","cd",0.535,"f",TRUE,"68_cd_f","0","0.53"
68,1,"5","cs",0.568,"cat",TRUE,"68_cs_cat","0","0.57"
68,1,"5","cs",0.568,"cat",TRUE,"68_cs_cat","0","0.57"
68,1,"5","cs",0.797,"tr",TRUE,"68_cs_tr","0","0.80"
68,1,"5","cs",0.797,"tr",TRUE,"68_cs_tr","0","0.80"
68,1,"5","inf",1.765,"ap",TRUE,"68_inf_ap","0","1.77"
68,1,"5","inf",1.765,"ap",TRUE,"68_inf_ap","0","1.77"
68,1,"5","inf",0.045,"car",TRUE,"68_inf_car","0","0.03"
68,1,"5","inf",0.045,"car",TRUE,"68_inf_car","0","0.03"
68,1,"5","inf",0.965,"carrot",TRUE,"68_inf_carrot","0","0.97"
68,1,"5","inf",0.965,"carrot",TRUE,"68_inf_carrot","0","0.97"
69,1,"5","cd",0.229,"car",TRUE,"69_cd_car","0","0.23"
69,1,"5","cd",0.229,"car",TRUE,"69_cd_car","0","0.23"
69,1,"5","cs",0.446,"cat",TRUE,"69_cs_cat","0","0.43"
69,1,"5","cs",0.446,"cat",TRUE,"69_cs_cat","0","0.43"
69,1,"5","inf",1.223,"bic",TRUE,"69_inf_bic","0","1.23"
69,1,"5","inf",1.223,"bic",TRUE,"69_inf_bic","0","1.23"
69,1,"5","inf",0.635,"f",TRUE,"69_inf_f","0","0.63"
69,1,"5","inf",0.635,"f",TRUE,"69_inf_f","0","0.63"
7,1,"5","cd",0.309,"carrot",TRUE,"7_cd_carrot","0","0.30"
7,1,"5","cd",0.309,"carrot",TRUE,"7_cd_carrot","0","0.30"
7,1,"5","cd",0.134,"cat",TRUE,"7_cd_cat","0","0.13"
7,1,"5","cd",0.134,"cat",TRUE,"7_cd_cat","0","0.13"
7,1,"5","cs",0.18,"ban",TRUE,"7_cs_ban","0","0.17"
7,1,"5","cs",0.18,"ban",TRUE,"7_cs_ban","0","0.17"
7,1,"5","cs",0.288,"tb",TRUE,"7_cs_tb","0","0.30"
7,1,"5","cs",0.288,"tb",TRUE,"7_cs_tb","0","0.30"
7,1,"5","inf",0.023,"bal",TRUE,"7_inf_bal","0","0.03"
7,1,"5","inf",0.023,"bal",TRUE,"7_inf_bal","0","0.03"
70,1,"2","cs",2.606,"bal",TRUE,"70_cs_bal","0","2.60"
70,1,"2","cs",2.606,"bal",TRUE,"70_cs_bal","0","2.60"
70,1,"2","cs",0.714,"ban",TRUE,"70_cs_ban","0","0.70"
70,1,"2","cs",0.714,"ban",TRUE,"70_cs_ban","0","0.70"
70,1,"2","cs",0.464,"tr",TRUE,"70_cs_tr","0","0.47"
70,1,"2","cs",0.464,"tr",TRUE,"70_cs_tr","0","0.47"
70,1,"2","inf",1.54,"ap",TRUE,"70_inf_ap","0","1.53"
70,1,"2","inf",1.54,"ap",TRUE,"70_inf_ap","0","1.53"
71,1,"2","cd",2.604,"car",TRUE,"71_cd_car","0","2.60"
71,1,"2","cd",2.604,"car",TRUE,"71_cd_car","0","2.60"
71,1,"2","cd",0.309,"carrot",TRUE,"71_cd_carrot","0","0.30"
71,1,"2","cd",0.309,"carrot",TRUE,"71_cd_carrot","0","0.30"
71,1,"2","cs",1.138,"cat",TRUE,"71_cs_cat","0","1.13"
71,1,"2","cs",1.138,"cat",TRUE,"71_cs_cat","0","1.13"
71,1,"2","cs",0.584,"o",TRUE,"71_cs_o","0","0.60"
71,1,"2","cs",0.584,"o",TRUE,"71_cs_o","0","0.60"
71,1,"2","cs",0.671,"tb",TRUE,"71_cs_tb","0","0.67"
71,1,"2","cs",0.671,"tb",TRUE,"71_cs_tb","0","0.67"
71,1,"2","cs",1.243,"tr",TRUE,"71_cs_tr","0","1.23"
71,1,"2","cs",1.243,"tr",TRUE,"71_cs_tr","0","1.23"
71,1,"2","inf",0.39,"bal",TRUE,"71_inf_bal","0","0.40"
71,1,"2","inf",0.39,"bal",TRUE,"71_inf_bal","0","0.40"
71,1,"2","inf",0.437,"d",TRUE,"71_inf_d","0","0.43"
71,1,"2","inf",0.437,"d",TRUE,"71_inf_d","0","0.43"
72,1,"3","cd",0.219,"f",TRUE,"72_cd_f","0","0.23"
72,1,"3","cd",0.219,"f",TRUE,"72_cd_f","0","0.23"
72,1,"3","cd",0.518,"o",TRUE,"72_cd_o","0","0.53"
72,1,"3","cd",0.518,"o",TRUE,"72_cd_o","0","0.53"
72,1,"3","cs",0.431,"bal",TRUE,"72_cs_bal","0","0.43"
72,1,"3","cs",0.431,"bal",TRUE,"72_cs_bal","0","0.43"
72,1,"3","cs",0.922,"bic",TRUE,"72_cs_bic","0","0.93"
72,1,"3","cs",0.922,"bic",TRUE,"72_cs_bic","0","0.93"
72,1,"3","cs",0.026,"cat",TRUE,"72_cs_cat","0","0.03"
72,1,"3","cs",0.026,"cat",TRUE,"72_cs_cat","0","0.03"
72,1,"3","cs",0.7,"o",TRUE,"72_cs_o","0","0.70"
72,1,"3","cs",0.7,"o",TRUE,"72_cs_o","0","0.70"
72,1,"3","inf",1.487,"car",TRUE,"72_inf_car","0","1.50"
72,1,"3","inf",1.487,"car",TRUE,"72_inf_car","0","1.50"
72,1,"3","inf",1.299,"tb",TRUE,"72_inf_tb","0","1.30"
72,1,"3","inf",1.299,"tb",TRUE,"72_inf_tb","0","1.30"
73,1,"2","cd",0.87,"ap",TRUE,"73_cd_ap","0","0.87"
73,1,"2","cd",0.87,"ap",TRUE,"73_cd_ap","0","0.87"
74,1,"4","cd",0.196,"bal",TRUE,"74_cd_bal","0","0.20"
74,1,"4","cd",0.196,"bal",TRUE,"74_cd_bal","0","0.20"
74,1,"4","cs",0.506,"ban",TRUE,"74_cs_ban","0","0.50"
74,1,"4","cs",0.506,"ban",TRUE,"74_cs_ban","0","0.50"
74,1,"4","cs",0.416,"o",TRUE,"74_cs_o","0","0.40"
74,1,"4","cs",0.416,"o",TRUE,"74_cs_o","0","0.40"
74,1,"4","cs",0.397,"tr",TRUE,"74_cs_tr","0","0.40"
74,1,"4","cs",0.397,"tr",TRUE,"74_cs_tr","0","0.40"
74,1,"4","inf",1.037,"car",TRUE,"74_inf_car","0","1.03"
74,1,"4","inf",1.037,"car",TRUE,"74_inf_car","0","1.03"
74,1,"4","inf",1.037,"car",TRUE,"74_inf_car","0","1.03"
74,1,"4","inf",1.037,"car",TRUE,"74_inf_car","0","1.03"
75,1,"2","cs",0.415,"ap",TRUE,"75_cs_ap","0","0.40"
75,1,"2","cs",0.415,"ap",TRUE,"75_cs_ap","0","0.40"
75,1,"2","cs",0.363,"ban",TRUE,"75_cs_ban","0","0.37"
75,1,"2","cs",0.363,"ban",TRUE,"75_cs_ban","0","0.37"
75,1,"2","cs",0.712,"car",TRUE,"75_cs_car","0","0.70"
75,1,"2","cs",0.712,"car",TRUE,"75_cs_car","0","0.70"
75,1,"2","cs",0.596,"tb",TRUE,"75_cs_tb","0","0.60"
75,1,"2","cs",0.596,"tb",TRUE,"75_cs_tb","0","0.60"
75,1,"2","cs",0.285,"tr",TRUE,"75_cs_tr","0","0.30"
75,1,"2","cs",0.285,"tr",TRUE,"75_cs_tr","0","0.30"
75,1,"2","inf",2.964,"bic",TRUE,"75_inf_bic","0","2.97"
75,1,"2","inf",2.964,"bic",TRUE,"75_inf_bic","0","2.97"
75,1,"2","inf",0.226,"f",TRUE,"75_inf_f","0","0.23"
75,1,"2","inf",0.226,"f",TRUE,"75_inf_f","0","0.23"
76,1,"5","cs",0.69,"bal",TRUE,"76_cs_bal","0","0.70"
76,1,"5","cs",0.69,"bal",TRUE,"76_cs_bal","0","0.70"
76,1,"5","cs",0.531,"ban",TRUE,"76_cs_ban","0","0.53"
76,1,"5","cs",0.531,"ban",TRUE,"76_cs_ban","0","0.53"
76,1,"5","cs",0.183,"tb",TRUE,"76_cs_tb","0","0.17"
76,1,"5","cs",0.183,"tb",TRUE,"76_cs_tb","0","0.17"
76,1,"5","inf",0.573,"ap",TRUE,"76_inf_ap","0","0.57"
76,1,"5","inf",0.573,"ap",TRUE,"76_inf_ap","0","0.57"
76,1,"5","inf",0.895,"car",TRUE,"76_inf_car","0","0.90"
76,1,"5","inf",0.895,"car",TRUE,"76_inf_car","0","0.90"
76,1,"5","inf",0.898,"carrot",TRUE,"76_inf_carrot","0","0.90"
76,1,"5","inf",0.898,"carrot",TRUE,"76_inf_carrot","0","0.90"
77,1,"3","cd",0.712,"bal",TRUE,"77_cd_bal","0","0.70"
77,1,"3","cs",0.726,"cat",TRUE,"77_cs_cat","0","0.73"
77,1,"3","cs",0.726,"cat",TRUE,"77_cs_cat","0","0.73"
77,1,"3","cs",0.358,"o",TRUE,"77_cs_o","0","0.37"
77,1,"3","cs",0.358,"o",TRUE,"77_cs_o","0","0.37"
77,1,"3","cs",0.366,"tb",TRUE,"77_cs_tb","0","0.37"
77,1,"3","cs",0.366,"tb",TRUE,"77_cs_tb","0","0.37"
77,1,"3","cs",0.847,"tr",TRUE,"77_cs_tr","0","0.83"
77,1,"3","cs",0.847,"tr",TRUE,"77_cs_tr","0","0.83"
77,1,"3","inf",0.89,"ap",TRUE,"77_inf_ap","0","0.90"
77,1,"3","inf",0.89,"ap",TRUE,"77_inf_ap","0","0.90"
77,1,"3","inf",1.47,"car",TRUE,"77_inf_car","0","1.47"
77,1,"3","inf",1.47,"car",TRUE,"77_inf_car","0","1.47"
78,1,"2","cd",0.871,"car",TRUE,"78_cd_car","0","0.87"
78,1,"2","cd",0.871,"car",TRUE,"78_cd_car","0","0.87"
78,1,"2","inf",0.762,"d",TRUE,"78_inf_d","0","0.77"
78,1,"2","inf",0.762,"d",TRUE,"78_inf_d","0","0.77"
78,1,"2","inf",1.21,"f",TRUE,"78_inf_f","0","1.20"
78,1,"2","inf",1.21,"f",TRUE,"78_inf_f","0","1.20"
79,1,"2","cd",0.503,"ap",TRUE,"79_cd_ap","0","0.50"
79,1,"2","cd",0.503,"ap",TRUE,"79_cd_ap","0","0.50"
79,1,"2","cd",0.384,"carrot",TRUE,"79_cd_carrot","0","0.40"
79,1,"2","cd",0.384,"carrot",TRUE,"79_cd_carrot","0","0.40"
79,1,"2","cs",0.307,"ap",TRUE,"79_cs_ap","0","0.30"
79,1,"2","cs",0.307,"ap",TRUE,"79_cs_ap","0","0.30"
79,1,"2","inf",2.481,"bal",TRUE,"79_inf_bal","0","2.47"
79,1,"2","inf",2.481,"bal",TRUE,"79_inf_bal","0","2.47"
79,1,"2","inf",2.195,"d",TRUE,"79_inf_d","0","2.20"
79,1,"2","inf",2.195,"d",TRUE,"79_inf_d","0","2.20"
8,1,"3","cs",2.101,"cat",TRUE,"8_cs_cat","0","2.10"
8,1,"3","cs",2.101,"cat",TRUE,"8_cs_cat","0","2.10"
8,1,"3","cs",0.85,"o",TRUE,"8_cs_o","0","0.87"
8,1,"3","cs",0.85,"o",TRUE,"8_cs_o","0","0.87"
8,1,"3","cs",0.791,"tb",TRUE,"8_cs_tb","0","0.80"
8,1,"3","cs",0.791,"tb",TRUE,"8_cs_tb","0","0.80"
8,1,"3","cs",0.547,"tr",TRUE,"8_cs_tr","0","0.53"
8,1,"3","cs",0.547,"tr",TRUE,"8_cs_tr","0","0.53"
8,1,"3","inf",3.448,"carrot",TRUE,"8_inf_carrot","0","3.43"
8,1,"3","inf",3.448,"carrot",TRUE,"8_inf_carrot","0","3.43"
80,1,"5","cs",0.156,"bal",TRUE,"80_cs_bal","0","0.17"
80,1,"5","cs",0.156,"bal",TRUE,"80_cs_bal","0","0.17"
80,1,"5","cs",0.476,"car",TRUE,"80_cs_car","0","0.47"
80,1,"5","cs",0.476,"car",TRUE,"80_cs_car","0","0.47"
80,1,"5","cs",2.385,"cat",TRUE,"80_cs_cat","0","2.40"
80,1,"5","cs",2.385,"cat",TRUE,"80_cs_cat","0","2.40"
80,1,"5","inf",1.729,"car",TRUE,"80_inf_car","0","1.73"
80,1,"5","inf",1.729,"car",TRUE,"80_inf_car","0","1.73"
80,1,"5","inf",0.949,"tb",TRUE,"80_inf_tb","0","0.93"
80,1,"5","inf",0.949,"tb",TRUE,"80_inf_tb","0","0.93"
81,1,"3","cd",0.129,"car",TRUE,"81_cd_car","0","0.13"
81,1,"3","cd",0.129,"car",TRUE,"81_cd_car","0","0.13"
81,1,"3","cs",0.513,"ban",TRUE,"81_cs_ban","0","0.50"
81,1,"3","cs",0.513,"ban",TRUE,"81_cs_ban","0","0.50"
81,1,"3","inf",0.681,"bal",TRUE,"81_inf_bal","0","0.67"
81,1,"3","inf",0.681,"bal",TRUE,"81_inf_bal","0","0.67"
82,1,"2","cs",0.229,"car",TRUE,"82_cs_car","0","0.23"
82,1,"2","cs",0.229,"car",TRUE,"82_cs_car","0","0.23"
82,1,"2","cs",0.646,"tb",TRUE,"82_cs_tb","0","0.63"
82,1,"2","cs",0.646,"tb",TRUE,"82_cs_tb","0","0.63"
82,1,"2","inf",0.395,"d",TRUE,"82_inf_d","0","0.40"
82,1,"2","inf",0.395,"d",TRUE,"82_inf_d","0","0.40"
83,1,"3","cd",0.161,"ap",TRUE,"83_cd_ap","0","0.17"
83,1,"3","cd",0.161,"ap",TRUE,"83_cd_ap","0","0.17"
83,1,"3","cs",0.946,"cat",TRUE,"83_cs_cat","0","0.93"
83,1,"3","cs",0.946,"cat",TRUE,"83_cs_cat","0","0.93"
83,1,"3","cs",0.33,"f",TRUE,"83_cs_f","0","0.33"
83,1,"3","cs",0.33,"f",TRUE,"83_cs_f","0","0.33"
83,1,"3","cs",0.755,"tb",TRUE,"83_cs_tb","0","0.77"
83,1,"3","cs",0.755,"tb",TRUE,"83_cs_tb","0","0.77"
83,1,"3","inf",2.31,"f",TRUE,"83_inf_f","0","2.30"
83,1,"3","inf",2.31,"f",TRUE,"83_inf_f","0","2.30"
84,1,"3","cd",0.477,"f",TRUE,"84_cd_f","0","0.47"
84,1,"3","cd",0.477,"f",TRUE,"84_cd_f","0","0.47"
84,1,"3","cd",0.459,"o",TRUE,"84_cd_o","0","0.47"
84,1,"3","cd",0.459,"o",TRUE,"84_cd_o","0","0.47"
84,1,"3","cs",1.956,"bal",TRUE,"84_cs_bal","0","1.97"
84,1,"3","cs",1.956,"bal",TRUE,"84_cs_bal","0","1.97"
84,1,"3","cs",0.176,"cat",TRUE,"84_cs_cat","0","0.17"
84,1,"3","cs",0.176,"cat",TRUE,"84_cs_cat","0","0.17"
84,1,"3","inf",0.52,"car",TRUE,"84_inf_car","0","0.53"
84,1,"3","inf",0.52,"car",TRUE,"84_inf_car","0","0.53"
84,1,"3","inf",1.04,"carrot",TRUE,"84_inf_carrot","0","1.03"
84,1,"3","inf",1.04,"carrot",TRUE,"84_inf_carrot","0","1.03"
85,1,"3","cs",0.555,"ban",TRUE,"85_cs_ban","0","0.57"
85,1,"3","cs",0.555,"ban",TRUE,"85_cs_ban","0","0.57"
85,1,"3","cs",0.07,"car",TRUE,"85_cs_car","0","0.07"
85,1,"3","cs",0.07,"car",TRUE,"85_cs_car","0","0.07"
85,1,"3","cs",0.163,"tb",TRUE,"85_cs_tb","0","0.17"
85,1,"3","cs",0.163,"tb",TRUE,"85_cs_tb","0","0.17"
85,1,"3","inf",3.051,"f",TRUE,"85_inf_f","0","3.07"
85,1,"3","inf",3.051,"f",TRUE,"85_inf_f","0","3.07"
86,1,"4","inf",0.832,"ap",TRUE,"86_inf_ap","0","0.83"
86,1,"4","inf",0.832,"ap",TRUE,"86_inf_ap","0","0.83"
86,1,"4","inf",1.637,"car",TRUE,"86_inf_car","0","1.63"
86,1,"4","inf",1.637,"car",TRUE,"86_inf_car","0","1.63"
87,1,"5","cs",0.34,"bal",TRUE,"87_cs_bal","0","0.33"
87,1,"5","cs",0.34,"bal",TRUE,"87_cs_bal","0","0.33"
87,1,"5","cs",0.15,"tb",TRUE,"87_cs_tb","0","0.13"
87,1,"5","cs",0.15,"tb",TRUE,"87_cs_tb","0","0.13"
87,1,"5","inf",1.181,"carrot",TRUE,"87_inf_carrot","0","1.17"
87,1,"5","inf",1.181,"carrot",TRUE,"87_inf_carrot","0","1.17"
87,1,"5","inf",0.366,"tb",TRUE,"87_inf_tb","0","0.37"
87,1,"5","inf",0.366,"tb",TRUE,"87_inf_tb","0","0.37"
88,1,"4","cd",0.587,"bal",TRUE,"88_cd_bal","0","0.60"
88,1,"4","cd",0.587,"bal",TRUE,"88_cd_bal","0","0.60"
88,1,"4","cs",0.331,"ban",TRUE,"88_cs_ban","0","0.33"
88,1,"4","cs",0.331,"ban",TRUE,"88_cs_ban","0","0.33"
88,1,"4","inf",1.27,"car",TRUE,"88_inf_car","0","1.27"
88,1,"4","inf",1.27,"car",TRUE,"88_inf_car","0","1.27"
88,1,"4","inf",0.423,"carrot",TRUE,"88_inf_carrot","0","0.43"
88,1,"4","inf",0.423,"carrot",TRUE,"88_inf_carrot","0","0.43"
89,1,"5","cd",0.684,"cat",TRUE,"89_cd_cat","0","0.70"
89,1,"5","cd",0.684,"cat",TRUE,"89_cd_cat","0","0.70"
89,1,"5","cs",0.171,"cat",TRUE,"89_cs_cat","0","0.17"
89,1,"5","cs",0.171,"cat",TRUE,"89_cs_cat","0","0.17"
89,1,"5","cs",0.346,"tb",TRUE,"89_cs_tb","0","0.33"
89,1,"5","cs",0.346,"tb",TRUE,"89_cs_tb","0","0.33"
89,1,"5","inf",0.187,"d",TRUE,"89_inf_d","0","0.20"
89,1,"5","inf",0.187,"d",TRUE,"89_inf_d","0","0.20"
9,1,"adult","cd",0.536,"ap",TRUE,"9_cd_ap","0","0.53"
9,1,"adult","cd",0.536,"ap",TRUE,"9_cd_ap","0","0.53"
9,1,"adult","cd",0.536,"ap",TRUE,"9_cd_ap","0","0.53"
9,1,"adult","cd",0.536,"ap",TRUE,"9_cd_ap","0","0.53"
9,1,"adult","cd",0.471,"car",TRUE,"9_cd_car","0","0.47"
9,1,"adult","cd",0.471,"car",TRUE,"9_cd_car","0","0.47"
9,1,"adult","cd",0.471,"car",TRUE,"9_cd_car","0","0.47"
9,1,"adult","cd",0.471,"car",TRUE,"9_cd_car","0","0.47"
9,1,"adult","cd",0.234,"carrot",TRUE,"9_cd_carrot","0","0.23"
9,1,"adult","cd",0.234,"carrot",TRUE,"9_cd_carrot","0","0.23"
9,1,"adult","cd",0.234,"carrot",TRUE,"9_cd_carrot","0","0.23"
9,1,"adult","cd",0.234,"carrot",TRUE,"9_cd_carrot","0","0.23"
9,1,"adult","cd",0.308,"tb",TRUE,"9_cd_tb","0","0.30"
9,1,"adult","cd",0.308,"tb",TRUE,"9_cd_tb","0","0.30"
9,1,"adult","cd",0.308,"tb",TRUE,"9_cd_tb","0","0.30"
9,1,"adult","cd",0.308,"tb",TRUE,"9_cd_tb","0","0.30"
9,1,"adult","cd",1.022,"tr",TRUE,"9_cd_tr","0","1.03"
9,1,"adult","cd",1.022,"tr",TRUE,"9_cd_tr","0","1.03"
9,1,"adult","cd",1.022,"tr",TRUE,"9_cd_tr","0","1.03"
9,1,"adult","cd",1.022,"tr",TRUE,"9_cd_tr","0","1.03"
9,1,"adult","cs",0.354,"bal",TRUE,"9_cs_bal","0","0.37"
9,1,"adult","cs",0.354,"bal",TRUE,"9_cs_bal","0","0.37"
9,1,"adult","cs",0.354,"bal",TRUE,"9_cs_bal","0","0.37"
9,1,"adult","cs",0.354,"bal",TRUE,"9_cs_bal","0","0.37"
9,1,"adult","cs",0.137,"car",TRUE,"9_cs_car","0","0.13"
9,1,"adult","cs",0.137,"car",TRUE,"9_cs_car","0","0.13"
9,1,"adult","cs",0.137,"car",TRUE,"9_cs_car","0","0.13"
9,1,"adult","cs",0.137,"car",TRUE,"9_cs_car","0","0.13"
9,1,"adult","cs",0.036,"cat",TRUE,"9_cs_cat","0","0.03"
9,1,"adult","cs",0.036,"cat",TRUE,"9_cs_cat","0","0.03"
9,1,"adult","cs",0.036,"cat",TRUE,"9_cs_cat","0","0.03"
9,1,"adult","cs",0.036,"cat",TRUE,"9_cs_cat","0","0.03"
9,1,"adult","cs",0.846,"f",TRUE,"9_cs_f","0","0.83"
9,1,"adult","cs",0.846,"f",TRUE,"9_cs_f","0","0.83"
9,1,"adult","cs",0.846,"f",TRUE,"9_cs_f","0","0.83"
9,1,"adult","cs",0.846,"f",TRUE,"9_cs_f","0","0.83"
9,1,"adult","cs",0.976,"o",TRUE,"9_cs_o","0","0.97"
9,1,"adult","cs",0.976,"o",TRUE,"9_cs_o","0","0.97"
9,1,"adult","cs",0.976,"o",TRUE,"9_cs_o","0","0.97"
9,1,"adult","cs",0.976,"o",TRUE,"9_cs_o","0","0.97"
9,1,"adult","cs",0.705,"tb",TRUE,"9_cs_tb","0","0.70"
9,1,"adult","cs",0.705,"tb",TRUE,"9_cs_tb","0","0.70"
9,1,"adult","cs",0.705,"tb",TRUE,"9_cs_tb","0","0.70"
9,1,"adult","cs",0.705,"tb",TRUE,"9_cs_tb","0","0.70"
9,1,"adult","cs",0.685,"tr",TRUE,"9_cs_tr","0","0.70"
9,1,"adult","cs",0.685,"tr",TRUE,"9_cs_tr","0","0.70"
9,1,"adult","cs",0.685,"tr",TRUE,"9_cs_tr","0","0.70"
9,1,"adult","cs",0.685,"tr",TRUE,"9_cs_tr","0","0.70"
9,1,"adult","inf",0.089,"bic",TRUE,"9_inf_bic","0","0.10"
9,1,"adult","inf",0.089,"bic",TRUE,"9_inf_bic","0","0.10"
9,1,"adult","inf",0.089,"bic",TRUE,"9_inf_bic","0","0.10"
9,1,"adult","inf",0.089,"bic",TRUE,"9_inf_bic","0","0.10"
9,1,"adult","inf",0.601,"f",TRUE,"9_inf_f","0","0.60"
9,1,"adult","inf",0.601,"f",TRUE,"9_inf_f","0","0.60"
9,1,"adult","inf",0.601,"f",TRUE,"9_inf_f","0","0.60"
9,1,"adult","inf",0.601,"f",TRUE,"9_inf_f","0","0.60"
91,1,"2","cs",0.671,"tb",TRUE,"91_cs_tb","0","0.67"
91,1,"2","cs",0.671,"tb",TRUE,"91_cs_tb","0","0.67"
92,1,"4","cd",0.501,"o",TRUE,"92_cd_o","0","0.50"
92,1,"4","cd",0.501,"o",TRUE,"92_cd_o","0","0.50"
92,1,"4","cs",0.023,"bal",TRUE,"92_cs_bal","0","0.03"
92,1,"4","cs",0.023,"bal",TRUE,"92_cs_bal","0","0.03"
92,1,"4","cs",0.368,"car",TRUE,"92_cs_car","0","0.37"
92,1,"4","cs",0.368,"car",TRUE,"92_cs_car","0","0.37"
92,1,"4","cs",0.358,"o",TRUE,"92_cs_o","0","0.37"
92,1,"4","cs",0.358,"o",TRUE,"92_cs_o","0","0.37"
92,1,"4","cs",0.406,"tr",TRUE,"92_cs_tr","0","0.40"
92,1,"4","cs",0.406,"tr",TRUE,"92_cs_tr","0","0.40"
92,1,"4","inf",0.745,"car",TRUE,"92_inf_car","0","0.73"
92,1,"4","inf",0.745,"car",TRUE,"92_inf_car","0","0.73"
92,1,"4","inf",0.657,"tb",TRUE,"92_inf_tb","0","0.67"
92,1,"4","inf",0.657,"tb",TRUE,"92_inf_tb","0","0.67"
93,1,"5","cs",0.439,"ban",TRUE,"93_cs_ban","0","0.43"
93,1,"5","cs",0.439,"ban",TRUE,"93_cs_ban","0","0.43"
93,1,"5","inf",0.398,"ap",TRUE,"93_inf_ap","0","0.40"
93,1,"5","inf",0.398,"ap",TRUE,"93_inf_ap","0","0.40"
93,1,"5","inf",0.829,"car",TRUE,"93_inf_car","0","0.83"
93,1,"5","inf",0.829,"car",TRUE,"93_inf_car","0","0.83"
94,1,"2","cd",0.367,"d",TRUE,"94_cd_d","0","0.37"
94,1,"2","cd",0.367,"d",TRUE,"94_cd_d","0","0.37"
94,1,"2","cd",0.934,"o",TRUE,"94_cd_o","0","0.93"
94,1,"2","cd",0.934,"o",TRUE,"94_cd_o","0","0.93"
94,1,"2","cs",0.456,"ban",TRUE,"94_cs_ban","0","0.47"
94,1,"2","cs",0.456,"ban",TRUE,"94_cs_ban","0","0.47"
94,1,"2","cs",0.241,"tb",TRUE,"94_cs_tb","0","0.23"
94,1,"2","cs",0.241,"tb",TRUE,"94_cs_tb","0","0.23"
94,1,"2","cs",0.939,"tr",TRUE,"94_cs_tr","0","0.93"
94,1,"2","cs",0.939,"tr",TRUE,"94_cs_tr","0","0.93"
94,1,"2","inf",0.098,"carrot",TRUE,"94_inf_carrot","0","0.10"
94,1,"2","inf",0.098,"carrot",TRUE,"94_inf_carrot","0","0.10"
95,1,"4","cs",0.538,"ban",TRUE,"95_cs_ban","0","0.53"
95,1,"4","cs",0.538,"ban",TRUE,"95_cs_ban","0","0.53"
95,1,"4","cs",0.37,"car",TRUE,"95_cs_car","0","0.37"
95,1,"4","cs",0.37,"car",TRUE,"95_cs_car","0","0.37"
95,1,"4","cs",0.346,"tb",TRUE,"95_cs_tb","0","0.33"
95,1,"4","cs",0.346,"tb",TRUE,"95_cs_tb","0","0.33"
95,1,"4","inf",0.273,"bal",TRUE,"95_inf_bal","0","0.27"
95,1,"4","inf",0.273,"bal",TRUE,"95_inf_bal","0","0.27"
95,1,"4","inf",1.487,"d",TRUE,"95_inf_d","0","1.50"
95,1,"4","inf",1.487,"d",TRUE,"95_inf_d","0","1.50"
95,1,"4","inf",0.61,"f",TRUE,"95_inf_f","0","0.60"
95,1,"4","inf",0.61,"f",TRUE,"95_inf_f","0","0.60"
96,1,"4","cd",0.818,"carrot",TRUE,"96_cd_carrot","0","0.83"
96,1,"4","cd",0.818,"carrot",TRUE,"96_cd_carrot","0","0.83"
96,1,"4","cs",0.554,"cat",TRUE,"96_cs_cat","0","0.57"
96,1,"4","cs",0.554,"cat",TRUE,"96_cs_cat","0","0.57"
96,1,"4","cs",0.671,"f",TRUE,"96_cs_f","0","0.67"
96,1,"4","cs",0.671,"f",TRUE,"96_cs_f","0","0.67"
96,1,"4","inf",1.606,"bic",TRUE,"96_inf_bic","0","1.60"
96,1,"4","inf",1.606,"bic",TRUE,"96_inf_bic","0","1.60"
97,1,"3","cs",0.783,"tb",TRUE,"97_cs_tb","0","0.77"
97,1,"3","cs",0.783,"tb",TRUE,"97_cs_tb","0","0.77"
97,1,"3","inf",1.023,"ap",TRUE,"97_inf_ap","0","1.03"
97,1,"3","inf",1.023,"ap",TRUE,"97_inf_ap","0","1.03"
97,1,"3","inf",1.279,"car",TRUE,"97_inf_car","0","1.27"
97,1,"3","inf",1.279,"car",TRUE,"97_inf_car","0","1.27"
98,1,"2","cs",1.956,"ban",TRUE,"98_cs_ban","0","1.97"
98,1,"2","cs",1.956,"ban",TRUE,"98_cs_ban","0","1.97"
98,1,"2","cs",0.208,"tb",TRUE,"98_cs_tb","0","0.20"
98,1,"2","cs",0.208,"tb",TRUE,"98_cs_tb","0","0.20"
98,1,"2","cs",0.056,"tr",TRUE,"98_cs_tr","0","0.07"
98,1,"2","cs",0.056,"tr",TRUE,"98_cs_tr","0","0.07"
98,1,"2","inf",0.154,"car",TRUE,"98_inf_car","0","0.17"
98,1,"2","inf",0.154,"car",TRUE,"98_inf_car","0","0.17"
99,1,"4","cs",0.25,"tb",TRUE,"99_cs_tb","0","0.27"
99,1,"4","cs",0.25,"tb",TRUE,"99_cs_tb","0","0.27"
99,1,"4","inf",1.032,"ap",TRUE,"99_inf_ap","0","1.03"
99,1,"4","inf",1.032,"ap",TRUE,"99_inf_ap","0","1.03"
99,1,"4","inf",0.665,"carrot",TRUE,"99_inf_carrot","0","0.67"
99,1,"4","inf",0.665,"carrot",TRUE,"99_inf_carrot","0","0.67"
